"label","op","family","condition","condition_label","branch","branch_commit","backend","input_n","scale_class","input_class","seed","corpus_md5","icu_owner","icu_version","icu_mode","r_version","package_path","ops_md5","worker_md5","run_md5","prepare_md5","reps","median_ms","min_ms","max_ms"
"optimized-backends-record-20260724","ci_detect_fixed","fixed","stringi","stringi","main","f5d5497623ffbeb4acb3a412c64d0a903ae41b64+post-foundation-round-complete","stringi",1000000,"fast","character",20260721,"25c716f0d4b3b4e05398094ee12e945f","stringi",74.1,"bundle","R version 4.6.1 (2026-06-24)","/tmp/charr-final-round-6vZmP5/charr","3d947f3df10c63e20fffc0e4ef7f55f7","b6048fe5a9145f64d47e32d5df72435c","eedae0ee27c545032905b17ea9a2007c","30e4b529a43c212abff53bde5fcd649e",5,42,42,43
"optimized-backends-record-20260724","ci_detect_fixed","fixed","base","Main base","main","f5d5497623ffbeb4acb3a412c64d0a903ae41b64+post-foundation-round-complete","base",1000000,"fast","character",20260721,"25c716f0d4b3b4e05398094ee12e945f","charr",78.2,"system","R version 4.6.1 (2026-06-24)","/tmp/charr-final-round-6vZmP5/charr","3d947f3df10c63e20fffc0e4ef7f55f7","b6048fe5a9145f64d47e32d5df72435c","eedae0ee27c545032905b17ea9a2007c","30e4b529a43c212abff53bde5fcd649e",5,20,19,21
"optimized-backends-record-20260724","ci_detect_fixed","fixed","altrep","Main ALTREP","main","f5d5497623ffbeb4acb3a412c64d0a903ae41b64+post-foundation-round-complete","altrep",1000000,"fast","charvec",20260721,"25c716f0d4b3b4e05398094ee12e945f","charr",78.2,"system","R version 4.6.1 (2026-06-24)","/tmp/charr-final-round-6vZmP5/charr","3d947f3df10c63e20fffc0e4ef7f55f7","b6048fe5a9145f64d47e32d5df72435c","eedae0ee27c545032905b17ea9a2007c","30e4b529a43c212abff53bde5fcd649e",5,12,12,13
"optimized-backends-record-20260724","ci_startswith_fixed","fixed","stringi","stringi","main","f5d5497623ffbeb4acb3a412c64d0a903ae41b64+post-foundation-round-complete","stringi",1000000,"fast","character",20260721,"25c716f0d4b3b4e05398094ee12e945f","stringi",74.1,"bundle","R version 4.6.1 (2026-06-24)","/tmp/charr-final-round-6vZmP5/charr","3d947f3df10c63e20fffc0e4ef7f55f7","b6048fe5a9145f64d47e32d5df72435c","eedae0ee27c545032905b17ea9a2007c","30e4b529a43c212abff53bde5fcd649e",5,35,34,36
"optimized-backends-record-20260724","ci_startswith_fixed","fixed","base","Main base","main","f5d5497623ffbeb4acb3a412c64d0a903ae41b64+post-foundation-round-complete","base",1000000,"fast","character",20260721,"25c716f0d4b3b4e05398094ee12e945f","charr",78.2,"system","R version 4.6.1 (2026-06-24)","/tmp/charr-final-round-6vZmP5/charr","3d947f3df10c63e20fffc0e4ef7f55f7","b6048fe5a9145f64d47e32d5df72435c","eedae0ee27c545032905b17ea9a2007c","30e4b529a43c212abff53bde5fcd649e",5,19,18,19
"optimized-backends-record-20260724","ci_startswith_fixed","fixed","altrep","Main ALTREP","main","f5d5497623ffbeb4acb3a412c64d0a903ae41b64+post-foundation-round-complete","altrep",1000000,"fast","charvec",20260721,"25c716f0d4b3b4e05398094ee12e945f","charr",78.2,"system","R version 4.6.1 (2026-06-24)","/tmp/charr-final-round-6vZmP5/charr","3d947f3df10c63e20fffc0e4ef7f55f7","b6048fe5a9145f64d47e32d5df72435c","eedae0ee27c545032905b17ea9a2007c","30e4b529a43c212abff53bde5fcd649e",5,12,11,12
"optimized-backends-record-20260724","ci_endswith_fixed","fixed","stringi","stringi","main","f5d5497623ffbeb4acb3a412c64d0a903ae41b64+post-foundation-round-complete","stringi",1000000,"fast","character",20260721,"25c716f0d4b3b4e05398094ee12e945f","stringi",74.1,"bundle","R version 4.6.1 (2026-06-24)","/tmp/charr-final-round-6vZmP5/charr","3d947f3df10c63e20fffc0e4ef7f55f7","b6048fe5a9145f64d47e32d5df72435c","eedae0ee27c545032905b17ea9a2007c","30e4b529a43c212abff53bde5fcd649e",5,35,34,35
"optimized-backends-record-20260724","ci_endswith_fixed","fixed","base","Main base","main","f5d5497623ffbeb4acb3a412c64d0a903ae41b64+post-foundation-round-complete","base",1000000,"fast","character",20260721,"25c716f0d4b3b4e05398094ee12e945f","charr",78.2,"system","R version 4.6.1 (2026-06-24)","/tmp/charr-final-round-6vZmP5/charr","3d947f3df10c63e20fffc0e4ef7f55f7","b6048fe5a9145f64d47e32d5df72435c","eedae0ee27c545032905b17ea9a2007c","30e4b529a43c212abff53bde5fcd649e",5,19,18,20
"optimized-backends-record-20260724","ci_endswith_fixed","fixed","altrep","Main ALTREP","main","f5d5497623ffbeb4acb3a412c64d0a903ae41b64+post-foundation-round-complete","altrep",1000000,"fast","charvec",20260721,"25c716f0d4b3b4e05398094ee12e945f","charr",78.2,"system","R version 4.6.1 (2026-06-24)","/tmp/charr-final-round-6vZmP5/charr","3d947f3df10c63e20fffc0e4ef7f55f7","b6048fe5a9145f64d47e32d5df72435c","eedae0ee27c545032905b17ea9a2007c","30e4b529a43c212abff53bde5fcd649e",5,12,11,12
"optimized-backends-record-20260724","ci_count_fixed","fixed","stringi","stringi","main","f5d5497623ffbeb4acb3a412c64d0a903ae41b64+post-foundation-round-complete","stringi",1000000,"fast","character",20260721,"25c716f0d4b3b4e05398094ee12e945f","stringi",74.1,"bundle","R version 4.6.1 (2026-06-24)","/tmp/charr-final-round-6vZmP5/charr","3d947f3df10c63e20fffc0e4ef7f55f7","b6048fe5a9145f64d47e32d5df72435c","eedae0ee27c545032905b17ea9a2007c","30e4b529a43c212abff53bde5fcd649e",5,100,99,103
"optimized-backends-record-20260724","ci_count_fixed","fixed","base","Main base","main","f5d5497623ffbeb4acb3a412c64d0a903ae41b64+post-foundation-round-complete","base",1000000,"fast","character",20260721,"25c716f0d4b3b4e05398094ee12e945f","charr",78.2,"system","R version 4.6.1 (2026-06-24)","/tmp/charr-final-round-6vZmP5/charr","3d947f3df10c63e20fffc0e4ef7f55f7","b6048fe5a9145f64d47e32d5df72435c","eedae0ee27c545032905b17ea9a2007c","30e4b529a43c212abff53bde5fcd649e",5,38,38,39
"optimized-backends-record-20260724","ci_count_fixed","fixed","altrep","Main ALTREP","main","f5d5497623ffbeb4acb3a412c64d0a903ae41b64+post-foundation-round-complete","altrep",1000000,"fast","charvec",20260721,"25c716f0d4b3b4e05398094ee12e945f","charr",78.2,"system","R version 4.6.1 (2026-06-24)","/tmp/charr-final-round-6vZmP5/charr","3d947f3df10c63e20fffc0e4ef7f55f7","b6048fe5a9145f64d47e32d5df72435c","eedae0ee27c545032905b17ea9a2007c","30e4b529a43c212abff53bde5fcd649e",5,22,22,23
"optimized-backends-record-20260724","ci_locate_first_fixed","fixed","stringi","stringi","main","f5d5497623ffbeb4acb3a412c64d0a903ae41b64+post-foundation-round-complete","stringi",1000000,"fast","character",20260721,"25c716f0d4b3b4e05398094ee12e945f","stringi",74.1,"bundle","R version 4.6.1 (2026-06-24)","/tmp/charr-final-round-6vZmP5/charr","3d947f3df10c63e20fffc0e4ef7f55f7","b6048fe5a9145f64d47e32d5df72435c","eedae0ee27c545032905b17ea9a2007c","30e4b529a43c212abff53bde5fcd649e",5,68,68,71
"optimized-backends-record-20260724","ci_locate_first_fixed","fixed","base","Main base","main","f5d5497623ffbeb4acb3a412c64d0a903ae41b64+post-foundation-round-complete","base",1000000,"fast","character",20260721,"25c716f0d4b3b4e05398094ee12e945f","charr",78.2,"system","R version 4.6.1 (2026-06-24)","/tmp/charr-final-round-6vZmP5/charr","3d947f3df10c63e20fffc0e4ef7f55f7","b6048fe5a9145f64d47e32d5df72435c","eedae0ee27c545032905b17ea9a2007c","30e4b529a43c212abff53bde5fcd649e",5,35,34,36
"optimized-backends-record-20260724","ci_locate_first_fixed","fixed","altrep","Main ALTREP","main","f5d5497623ffbeb4acb3a412c64d0a903ae41b64+post-foundation-round-complete","altrep",1000000,"fast","charvec",20260721,"25c716f0d4b3b4e05398094ee12e945f","charr",78.2,"system","R version 4.6.1 (2026-06-24)","/tmp/charr-final-round-6vZmP5/charr","3d947f3df10c63e20fffc0e4ef7f55f7","b6048fe5a9145f64d47e32d5df72435c","eedae0ee27c545032905b17ea9a2007c","30e4b529a43c212abff53bde5fcd649e",5,25,25,26
"optimized-backends-record-20260724","ci_locate_all_fixed","fixed","stringi","stringi","main","f5d5497623ffbeb4acb3a412c64d0a903ae41b64+post-foundation-round-complete","stringi",100000,"medium","character",20260721,"32930d4bafb9d6f4ee7b61840dbeb01a","stringi",74.1,"bundle","R version 4.6.1 (2026-06-24)","/tmp/charr-final-round-6vZmP5/charr","3d947f3df10c63e20fffc0e4ef7f55f7","b6048fe5a9145f64d47e32d5df72435c","eedae0ee27c545032905b17ea9a2007c","30e4b529a43c212abff53bde5fcd649e",5,38,37,39
"optimized-backends-record-20260724","ci_locate_all_fixed","fixed","base","Main base","main","f5d5497623ffbeb4acb3a412c64d0a903ae41b64+post-foundation-round-complete","base",100000,"medium","character",20260721,"32930d4bafb9d6f4ee7b61840dbeb01a","charr",78.2,"system","R version 4.6.1 (2026-06-24)","/tmp/charr-final-round-6vZmP5/charr","3d947f3df10c63e20fffc0e4ef7f55f7","b6048fe5a9145f64d47e32d5df72435c","eedae0ee27c545032905b17ea9a2007c","30e4b529a43c212abff53bde5fcd649e",5,30,30,31
"optimized-backends-record-20260724","ci_locate_all_fixed","fixed","altrep","Main ALTREP","main","f5d5497623ffbeb4acb3a412c64d0a903ae41b64+post-foundation-round-complete","altrep",100000,"medium","charvec",20260721,"32930d4bafb9d6f4ee7b61840dbeb01a","charr",78.2,"system","R version 4.6.1 (2026-06-24)","/tmp/charr-final-round-6vZmP5/charr","3d947f3df10c63e20fffc0e4ef7f55f7","b6048fe5a9145f64d47e32d5df72435c","eedae0ee27c545032905b17ea9a2007c","30e4b529a43c212abff53bde5fcd649e",5,28,28,29
"optimized-backends-record-20260724","ci_extract_first_fixed","fixed","stringi","stringi","main","f5d5497623ffbeb4acb3a412c64d0a903ae41b64+post-foundation-round-complete","stringi",1000000,"fast","character",20260721,"25c716f0d4b3b4e05398094ee12e945f","stringi",74.1,"bundle","R version 4.6.1 (2026-06-24)","/tmp/charr-final-round-6vZmP5/charr","3d947f3df10c63e20fffc0e4ef7f55f7","b6048fe5a9145f64d47e32d5df72435c","eedae0ee27c545032905b17ea9a2007c","30e4b529a43c212abff53bde5fcd649e",5,100,99,103
"optimized-backends-record-20260724","ci_extract_first_fixed","fixed","base","Main base","main","f5d5497623ffbeb4acb3a412c64d0a903ae41b64+post-foundation-round-complete","base",1000000,"fast","character",20260721,"25c716f0d4b3b4e05398094ee12e945f","charr",78.2,"system","R version 4.6.1 (2026-06-24)","/tmp/charr-final-round-6vZmP5/charr","3d947f3df10c63e20fffc0e4ef7f55f7","b6048fe5a9145f64d47e32d5df72435c","eedae0ee27c545032905b17ea9a2007c","30e4b529a43c212abff53bde5fcd649e",5,73,72,76
"optimized-backends-record-20260724","ci_extract_first_fixed","fixed","altrep","Main ALTREP","main","f5d5497623ffbeb4acb3a412c64d0a903ae41b64+post-foundation-round-complete","altrep",1000000,"fast","charvec",20260721,"25c716f0d4b3b4e05398094ee12e945f","charr",78.2,"system","R version 4.6.1 (2026-06-24)","/tmp/charr-final-round-6vZmP5/charr","3d947f3df10c63e20fffc0e4ef7f55f7","b6048fe5a9145f64d47e32d5df72435c","eedae0ee27c545032905b17ea9a2007c","30e4b529a43c212abff53bde5fcd649e",5,58,57,59
"optimized-backends-record-20260724","ci_extract_all_fixed","fixed","stringi","stringi","main","f5d5497623ffbeb4acb3a412c64d0a903ae41b64+post-foundation-round-complete","stringi",100000,"medium","character",20260721,"32930d4bafb9d6f4ee7b61840dbeb01a","stringi",74.1,"bundle","R version 4.6.1 (2026-06-24)","/tmp/charr-final-round-6vZmP5/charr","3d947f3df10c63e20fffc0e4ef7f55f7","b6048fe5a9145f64d47e32d5df72435c","eedae0ee27c545032905b17ea9a2007c","30e4b529a43c212abff53bde5fcd649e",5,14,13,14
"optimized-backends-record-20260724","ci_extract_all_fixed","fixed","base","Main base","main","f5d5497623ffbeb4acb3a412c64d0a903ae41b64+post-foundation-round-complete","base",100000,"medium","character",20260721,"32930d4bafb9d6f4ee7b61840dbeb01a","charr",78.2,"system","R version 4.6.1 (2026-06-24)","/tmp/charr-final-round-6vZmP5/charr","3d947f3df10c63e20fffc0e4ef7f55f7","b6048fe5a9145f64d47e32d5df72435c","eedae0ee27c545032905b17ea9a2007c","30e4b529a43c212abff53bde5fcd649e",5,9,9,9
"optimized-backends-record-20260724","ci_extract_all_fixed","fixed","altrep","Main ALTREP","main","f5d5497623ffbeb4acb3a412c64d0a903ae41b64+post-foundation-round-complete","altrep",100000,"medium","charvec",20260721,"32930d4bafb9d6f4ee7b61840dbeb01a","charr",78.2,"system","R version 4.6.1 (2026-06-24)","/tmp/charr-final-round-6vZmP5/charr","3d947f3df10c63e20fffc0e4ef7f55f7","b6048fe5a9145f64d47e32d5df72435c","eedae0ee27c545032905b17ea9a2007c","30e4b529a43c212abff53bde5fcd649e",5,9,8,9
"optimized-backends-record-20260724","ci_replace_first_fixed","fixed","stringi","stringi","main","f5d5497623ffbeb4acb3a412c64d0a903ae41b64+post-foundation-round-complete","stringi",100000,"medium","character",20260721,"32930d4bafb9d6f4ee7b61840dbeb01a","stringi",74.1,"bundle","R version 4.6.1 (2026-06-24)","/tmp/charr-final-round-6vZmP5/charr","3d947f3df10c63e20fffc0e4ef7f55f7","b6048fe5a9145f64d47e32d5df72435c","eedae0ee27c545032905b17ea9a2007c","30e4b529a43c212abff53bde5fcd649e",5,38,37,40
"optimized-backends-record-20260724","ci_replace_first_fixed","fixed","base","Main base","main","f5d5497623ffbeb4acb3a412c64d0a903ae41b64+post-foundation-round-complete","base",100000,"medium","character",20260721,"32930d4bafb9d6f4ee7b61840dbeb01a","charr",78.2,"system","R version 4.6.1 (2026-06-24)","/tmp/charr-final-round-6vZmP5/charr","3d947f3df10c63e20fffc0e4ef7f55f7","b6048fe5a9145f64d47e32d5df72435c","eedae0ee27c545032905b17ea9a2007c","30e4b529a43c212abff53bde5fcd649e",5,33,33,36
"optimized-backends-record-20260724","ci_replace_first_fixed","fixed","altrep","Main ALTREP","main","f5d5497623ffbeb4acb3a412c64d0a903ae41b64+post-foundation-round-complete","altrep",100000,"medium","charvec",20260721,"32930d4bafb9d6f4ee7b61840dbeb01a","charr",78.2,"system","R version 4.6.1 (2026-06-24)","/tmp/charr-final-round-6vZmP5/charr","3d947f3df10c63e20fffc0e4ef7f55f7","b6048fe5a9145f64d47e32d5df72435c","eedae0ee27c545032905b17ea9a2007c","30e4b529a43c212abff53bde5fcd649e",5,6,6,6
"optimized-backends-record-20260724","ci_replace_all_fixed","fixed","stringi","stringi","main","f5d5497623ffbeb4acb3a412c64d0a903ae41b64+post-foundation-round-complete","stringi",100000,"medium","character",20260721,"32930d4bafb9d6f4ee7b61840dbeb01a","stringi",74.1,"bundle","R version 4.6.1 (2026-06-24)","/tmp/charr-final-round-6vZmP5/charr","3d947f3df10c63e20fffc0e4ef7f55f7","b6048fe5a9145f64d47e32d5df72435c","eedae0ee27c545032905b17ea9a2007c","30e4b529a43c212abff53bde5fcd649e",5,49,47,50
"optimized-backends-record-20260724","ci_replace_all_fixed","fixed","base","Main base","main","f5d5497623ffbeb4acb3a412c64d0a903ae41b64+post-foundation-round-complete","base",100000,"medium","character",20260721,"32930d4bafb9d6f4ee7b61840dbeb01a","charr",78.2,"system","R version 4.6.1 (2026-06-24)","/tmp/charr-final-round-6vZmP5/charr","3d947f3df10c63e20fffc0e4ef7f55f7","b6048fe5a9145f64d47e32d5df72435c","eedae0ee27c545032905b17ea9a2007c","30e4b529a43c212abff53bde5fcd649e",5,37,37,39
"optimized-backends-record-20260724","ci_replace_all_fixed","fixed","altrep","Main ALTREP","main","f5d5497623ffbeb4acb3a412c64d0a903ae41b64+post-foundation-round-complete","altrep",100000,"medium","charvec",20260721,"32930d4bafb9d6f4ee7b61840dbeb01a","charr",78.2,"system","R version 4.6.1 (2026-06-24)","/tmp/charr-final-round-6vZmP5/charr","3d947f3df10c63e20fffc0e4ef7f55f7","b6048fe5a9145f64d47e32d5df72435c","eedae0ee27c545032905b17ea9a2007c","30e4b529a43c212abff53bde5fcd649e",5,14,14,15
"optimized-backends-record-20260724","ci_split_fixed","fixed","stringi","stringi","main","f5d5497623ffbeb4acb3a412c64d0a903ae41b64+post-foundation-round-complete","stringi",100000,"medium","character",20260721,"32930d4bafb9d6f4ee7b61840dbeb01a","stringi",74.1,"bundle","R version 4.6.1 (2026-06-24)","/tmp/charr-final-round-6vZmP5/charr","3d947f3df10c63e20fffc0e4ef7f55f7","b6048fe5a9145f64d47e32d5df72435c","eedae0ee27c545032905b17ea9a2007c","30e4b529a43c212abff53bde5fcd649e",5,104,102,107
"optimized-backends-record-20260724","ci_split_fixed","fixed","base","Main base","main","f5d5497623ffbeb4acb3a412c64d0a903ae41b64+post-foundation-round-complete","base",100000,"medium","character",20260721,"32930d4bafb9d6f4ee7b61840dbeb01a","charr",78.2,"system","R version 4.6.1 (2026-06-24)","/tmp/charr-final-round-6vZmP5/charr","3d947f3df10c63e20fffc0e4ef7f55f7","b6048fe5a9145f64d47e32d5df72435c","eedae0ee27c545032905b17ea9a2007c","30e4b529a43c212abff53bde5fcd649e",5,97,95,107
"optimized-backends-record-20260724","ci_split_fixed","fixed","altrep","Main ALTREP","main","f5d5497623ffbeb4acb3a412c64d0a903ae41b64+post-foundation-round-complete","altrep",100000,"medium","charvec",20260721,"32930d4bafb9d6f4ee7b61840dbeb01a","charr",78.2,"system","R version 4.6.1 (2026-06-24)","/tmp/charr-final-round-6vZmP5/charr","3d947f3df10c63e20fffc0e4ef7f55f7","b6048fe5a9145f64d47e32d5df72435c","eedae0ee27c545032905b17ea9a2007c","30e4b529a43c212abff53bde5fcd649e",5,44,43,46
"optimized-backends-record-20260724","ci_sub","substring","stringi","stringi","main","f5d5497623ffbeb4acb3a412c64d0a903ae41b64+post-foundation-round-complete","stringi",100000,"medium","character",20260721,"32930d4bafb9d6f4ee7b61840dbeb01a","stringi",74.1,"bundle","R version 4.6.1 (2026-06-24)","/tmp/charr-final-round-6vZmP5/charr","3d947f3df10c63e20fffc0e4ef7f55f7","b6048fe5a9145f64d47e32d5df72435c","eedae0ee27c545032905b17ea9a2007c","30e4b529a43c212abff53bde5fcd649e",5,26,26,28
"optimized-backends-record-20260724","ci_sub","substring","base","Main base","main","f5d5497623ffbeb4acb3a412c64d0a903ae41b64+post-foundation-round-complete","base",100000,"medium","character",20260721,"32930d4bafb9d6f4ee7b61840dbeb01a","charr",78.2,"system","R version 4.6.1 (2026-06-24)","/tmp/charr-final-round-6vZmP5/charr","3d947f3df10c63e20fffc0e4ef7f55f7","b6048fe5a9145f64d47e32d5df72435c","eedae0ee27c545032905b17ea9a2007c","30e4b529a43c212abff53bde5fcd649e",5,22,22,24
"optimized-backends-record-20260724","ci_sub","substring","altrep","Main ALTREP","main","f5d5497623ffbeb4acb3a412c64d0a903ae41b64+post-foundation-round-complete","altrep",100000,"medium","charvec",20260721,"32930d4bafb9d6f4ee7b61840dbeb01a","charr",78.2,"system","R version 4.6.1 (2026-06-24)","/tmp/charr-final-round-6vZmP5/charr","3d947f3df10c63e20fffc0e4ef7f55f7","b6048fe5a9145f64d47e32d5df72435c","eedae0ee27c545032905b17ea9a2007c","30e4b529a43c212abff53bde5fcd649e",5,3,3,4
"optimized-backends-record-20260724","ci_sub<-","substring","stringi","stringi","main","f5d5497623ffbeb4acb3a412c64d0a903ae41b64+post-foundation-round-complete","stringi",100000,"medium","character",20260721,"32930d4bafb9d6f4ee7b61840dbeb01a","stringi",74.1,"bundle","R version 4.6.1 (2026-06-24)","/tmp/charr-final-round-6vZmP5/charr","3d947f3df10c63e20fffc0e4ef7f55f7","b6048fe5a9145f64d47e32d5df72435c","eedae0ee27c545032905b17ea9a2007c","30e4b529a43c212abff53bde5fcd649e",5,37,36,39
"optimized-backends-record-20260724","ci_sub<-","substring","base","Main base","main","f5d5497623ffbeb4acb3a412c64d0a903ae41b64+post-foundation-round-complete","base",100000,"medium","character",20260721,"32930d4bafb9d6f4ee7b61840dbeb01a","charr",78.2,"system","R version 4.6.1 (2026-06-24)","/tmp/charr-final-round-6vZmP5/charr","3d947f3df10c63e20fffc0e4ef7f55f7","b6048fe5a9145f64d47e32d5df72435c","eedae0ee27c545032905b17ea9a2007c","30e4b529a43c212abff53bde5fcd649e",5,33,32,35
"optimized-backends-record-20260724","ci_sub<-","substring","altrep","Main ALTREP","main","f5d5497623ffbeb4acb3a412c64d0a903ae41b64+post-foundation-round-complete","altrep",100000,"medium","charvec",20260721,"32930d4bafb9d6f4ee7b61840dbeb01a","charr",78.2,"system","R version 4.6.1 (2026-06-24)","/tmp/charr-final-round-6vZmP5/charr","3d947f3df10c63e20fffc0e4ef7f55f7","b6048fe5a9145f64d47e32d5df72435c","eedae0ee27c545032905b17ea9a2007c","30e4b529a43c212abff53bde5fcd649e",5,4,4,4
"optimized-backends-record-20260724","ci_sub_all","substring","stringi","stringi","main","f5d5497623ffbeb4acb3a412c64d0a903ae41b64+post-foundation-round-complete","stringi",100000,"medium","character",20260721,"32930d4bafb9d6f4ee7b61840dbeb01a","stringi",74.1,"bundle","R version 4.6.1 (2026-06-24)","/tmp/charr-final-round-6vZmP5/charr","3d947f3df10c63e20fffc0e4ef7f55f7","b6048fe5a9145f64d47e32d5df72435c","eedae0ee27c545032905b17ea9a2007c","30e4b529a43c212abff53bde5fcd649e",5,44,43,47
"optimized-backends-record-20260724","ci_sub_all","substring","base","Main base","main","f5d5497623ffbeb4acb3a412c64d0a903ae41b64+post-foundation-round-complete","base",100000,"medium","character",20260721,"32930d4bafb9d6f4ee7b61840dbeb01a","charr",78.2,"system","R version 4.6.1 (2026-06-24)","/tmp/charr-final-round-6vZmP5/charr","3d947f3df10c63e20fffc0e4ef7f55f7","b6048fe5a9145f64d47e32d5df72435c","eedae0ee27c545032905b17ea9a2007c","30e4b529a43c212abff53bde5fcd649e",5,30,30,33
"optimized-backends-record-20260724","ci_sub_all","substring","altrep","Main ALTREP","main","f5d5497623ffbeb4acb3a412c64d0a903ae41b64+post-foundation-round-complete","altrep",100000,"medium","charvec",20260721,"32930d4bafb9d6f4ee7b61840dbeb01a","charr",78.2,"system","R version 4.6.1 (2026-06-24)","/tmp/charr-final-round-6vZmP5/charr","3d947f3df10c63e20fffc0e4ef7f55f7","b6048fe5a9145f64d47e32d5df72435c","eedae0ee27c545032905b17ea9a2007c","30e4b529a43c212abff53bde5fcd649e",5,27,26,27
"optimized-backends-record-20260724","ci_sub_all<-","substring","stringi","stringi","main","f5d5497623ffbeb4acb3a412c64d0a903ae41b64+post-foundation-round-complete","stringi",100000,"medium","character",20260721,"32930d4bafb9d6f4ee7b61840dbeb01a","stringi",74.1,"bundle","R version 4.6.1 (2026-06-24)","/tmp/charr-final-round-6vZmP5/charr","3d947f3df10c63e20fffc0e4ef7f55f7","b6048fe5a9145f64d47e32d5df72435c","eedae0ee27c545032905b17ea9a2007c","30e4b529a43c212abff53bde5fcd649e",5,69,69,77
"optimized-backends-record-20260724","ci_sub_all<-","substring","base","Main base","main","f5d5497623ffbeb4acb3a412c64d0a903ae41b64+post-foundation-round-complete","base",100000,"medium","character",20260721,"32930d4bafb9d6f4ee7b61840dbeb01a","charr",78.2,"system","R version 4.6.1 (2026-06-24)","/tmp/charr-final-round-6vZmP5/charr","3d947f3df10c63e20fffc0e4ef7f55f7","b6048fe5a9145f64d47e32d5df72435c","eedae0ee27c545032905b17ea9a2007c","30e4b529a43c212abff53bde5fcd649e",5,38,35,38
"optimized-backends-record-20260724","ci_sub_all<-","substring","altrep","Main ALTREP","main","f5d5497623ffbeb4acb3a412c64d0a903ae41b64+post-foundation-round-complete","altrep",100000,"medium","charvec",20260721,"32930d4bafb9d6f4ee7b61840dbeb01a","charr",78.2,"system","R version 4.6.1 (2026-06-24)","/tmp/charr-final-round-6vZmP5/charr","3d947f3df10c63e20fffc0e4ef7f55f7","b6048fe5a9145f64d47e32d5df72435c","eedae0ee27c545032905b17ea9a2007c","30e4b529a43c212abff53bde5fcd649e",5,8,8,8
"optimized-backends-record-20260724","ci_length","other","stringi","stringi","main","f5d5497623ffbeb4acb3a412c64d0a903ae41b64+post-foundation-round-complete","stringi",1000000,"fast","character",20260721,"25c716f0d4b3b4e05398094ee12e945f","stringi",74.1,"bundle","R version 4.6.1 (2026-06-24)","/tmp/charr-final-round-6vZmP5/charr","3d947f3df10c63e20fffc0e4ef7f55f7","b6048fe5a9145f64d47e32d5df72435c","eedae0ee27c545032905b17ea9a2007c","30e4b529a43c212abff53bde5fcd649e",5,60,60,62
"optimized-backends-record-20260724","ci_length","other","base","Main base","main","f5d5497623ffbeb4acb3a412c64d0a903ae41b64+post-foundation-round-complete","base",1000000,"fast","character",20260721,"25c716f0d4b3b4e05398094ee12e945f","charr",78.2,"system","R version 4.6.1 (2026-06-24)","/tmp/charr-final-round-6vZmP5/charr","3d947f3df10c63e20fffc0e4ef7f55f7","b6048fe5a9145f64d47e32d5df72435c","eedae0ee27c545032905b17ea9a2007c","30e4b529a43c212abff53bde5fcd649e",5,57,56,62
"optimized-backends-record-20260724","ci_length","other","altrep","Main ALTREP","main","f5d5497623ffbeb4acb3a412c64d0a903ae41b64+post-foundation-round-complete","altrep",1000000,"fast","charvec",20260721,"25c716f0d4b3b4e05398094ee12e945f","charr",78.2,"system","R version 4.6.1 (2026-06-24)","/tmp/charr-final-round-6vZmP5/charr","3d947f3df10c63e20fffc0e4ef7f55f7","b6048fe5a9145f64d47e32d5df72435c","eedae0ee27c545032905b17ea9a2007c","30e4b529a43c212abff53bde5fcd649e",5,49,49,50
"optimized-backends-record-20260724","ci_c","core","stringi","stringi","main","f5d5497623ffbeb4acb3a412c64d0a903ae41b64+post-foundation-round-complete","stringi",100000,"medium","character",20260721,"32930d4bafb9d6f4ee7b61840dbeb01a","stringi",74.1,"bundle","R version 4.6.1 (2026-06-24)","/tmp/charr-final-round-6vZmP5/charr","3d947f3df10c63e20fffc0e4ef7f55f7","b6048fe5a9145f64d47e32d5df72435c","eedae0ee27c545032905b17ea9a2007c","30e4b529a43c212abff53bde5fcd649e",5,35,34,41
"optimized-backends-record-20260724","ci_c","core","base","Main base","main","f5d5497623ffbeb4acb3a412c64d0a903ae41b64+post-foundation-round-complete","base",100000,"medium","character",20260721,"32930d4bafb9d6f4ee7b61840dbeb01a","charr",78.2,"system","R version 4.6.1 (2026-06-24)","/tmp/charr-final-round-6vZmP5/charr","3d947f3df10c63e20fffc0e4ef7f55f7","b6048fe5a9145f64d47e32d5df72435c","eedae0ee27c545032905b17ea9a2007c","30e4b529a43c212abff53bde5fcd649e",5,32,31,35
"optimized-backends-record-20260724","ci_c","core","altrep","Main ALTREP","main","f5d5497623ffbeb4acb3a412c64d0a903ae41b64+post-foundation-round-complete","altrep",100000,"medium","charvec",20260721,"32930d4bafb9d6f4ee7b61840dbeb01a","charr",78.2,"system","R version 4.6.1 (2026-06-24)","/tmp/charr-final-round-6vZmP5/charr","3d947f3df10c63e20fffc0e4ef7f55f7","b6048fe5a9145f64d47e32d5df72435c","eedae0ee27c545032905b17ea9a2007c","30e4b529a43c212abff53bde5fcd649e",5,4,3,4
"optimized-backends-record-20260724","ci_flatten","core","stringi","stringi","main","f5d5497623ffbeb4acb3a412c64d0a903ae41b64+post-foundation-round-complete","stringi",1000000,"fast","character",20260721,"25c716f0d4b3b4e05398094ee12e945f","stringi",74.1,"bundle","R version 4.6.1 (2026-06-24)","/tmp/charr-final-round-6vZmP5/charr","3d947f3df10c63e20fffc0e4ef7f55f7","b6048fe5a9145f64d47e32d5df72435c","eedae0ee27c545032905b17ea9a2007c","30e4b529a43c212abff53bde5fcd649e",5,100,99,103
"optimized-backends-record-20260724","ci_flatten","core","base","Main base","main","f5d5497623ffbeb4acb3a412c64d0a903ae41b64+post-foundation-round-complete","base",1000000,"fast","character",20260721,"25c716f0d4b3b4e05398094ee12e945f","charr",78.2,"system","R version 4.6.1 (2026-06-24)","/tmp/charr-final-round-6vZmP5/charr","3d947f3df10c63e20fffc0e4ef7f55f7","b6048fe5a9145f64d47e32d5df72435c","eedae0ee27c545032905b17ea9a2007c","30e4b529a43c212abff53bde5fcd649e",5,91,90,93
"optimized-backends-record-20260724","ci_flatten","core","altrep","Main ALTREP","main","f5d5497623ffbeb4acb3a412c64d0a903ae41b64+post-foundation-round-complete","altrep",1000000,"fast","charvec",20260721,"25c716f0d4b3b4e05398094ee12e945f","charr",78.2,"system","R version 4.6.1 (2026-06-24)","/tmp/charr-final-round-6vZmP5/charr","3d947f3df10c63e20fffc0e4ef7f55f7","b6048fe5a9145f64d47e32d5df72435c","eedae0ee27c545032905b17ea9a2007c","30e4b529a43c212abff53bde5fcd649e",5,37,37,37
"optimized-backends-record-20260724","ci_dup","core","stringi","stringi","main","f5d5497623ffbeb4acb3a412c64d0a903ae41b64+post-foundation-round-complete","stringi",100000,"medium","character",20260721,"32930d4bafb9d6f4ee7b61840dbeb01a","stringi",74.1,"bundle","R version 4.6.1 (2026-06-24)","/tmp/charr-final-round-6vZmP5/charr","3d947f3df10c63e20fffc0e4ef7f55f7","b6048fe5a9145f64d47e32d5df72435c","eedae0ee27c545032905b17ea9a2007c","30e4b529a43c212abff53bde5fcd649e",5,43,42,45
"optimized-backends-record-20260724","ci_dup","core","base","Main base","main","f5d5497623ffbeb4acb3a412c64d0a903ae41b64+post-foundation-round-complete","base",100000,"medium","character",20260721,"32930d4bafb9d6f4ee7b61840dbeb01a","charr",78.2,"system","R version 4.6.1 (2026-06-24)","/tmp/charr-final-round-6vZmP5/charr","3d947f3df10c63e20fffc0e4ef7f55f7","b6048fe5a9145f64d47e32d5df72435c","eedae0ee27c545032905b17ea9a2007c","30e4b529a43c212abff53bde5fcd649e",5,42,41,47
"optimized-backends-record-20260724","ci_dup","core","altrep","Main ALTREP","main","f5d5497623ffbeb4acb3a412c64d0a903ae41b64+post-foundation-round-complete","altrep",100000,"medium","charvec",20260721,"32930d4bafb9d6f4ee7b61840dbeb01a","charr",78.2,"system","R version 4.6.1 (2026-06-24)","/tmp/charr-final-round-6vZmP5/charr","3d947f3df10c63e20fffc0e4ef7f55f7","b6048fe5a9145f64d47e32d5df72435c","eedae0ee27c545032905b17ea9a2007c","30e4b529a43c212abff53bde5fcd649e",5,4,4,4
"optimized-backends-record-20260724","ci_reverse","core","stringi","stringi","main","f5d5497623ffbeb4acb3a412c64d0a903ae41b64+post-foundation-round-complete","stringi",100000,"medium","character",20260721,"32930d4bafb9d6f4ee7b61840dbeb01a","stringi",74.1,"bundle","R version 4.6.1 (2026-06-24)","/tmp/charr-final-round-6vZmP5/charr","3d947f3df10c63e20fffc0e4ef7f55f7","b6048fe5a9145f64d47e32d5df72435c","eedae0ee27c545032905b17ea9a2007c","30e4b529a43c212abff53bde5fcd649e",5,39,38,41
"optimized-backends-record-20260724","ci_reverse","core","base","Main base","main","f5d5497623ffbeb4acb3a412c64d0a903ae41b64+post-foundation-round-complete","base",100000,"medium","character",20260721,"32930d4bafb9d6f4ee7b61840dbeb01a","charr",78.2,"system","R version 4.6.1 (2026-06-24)","/tmp/charr-final-round-6vZmP5/charr","3d947f3df10c63e20fffc0e4ef7f55f7","b6048fe5a9145f64d47e32d5df72435c","eedae0ee27c545032905b17ea9a2007c","30e4b529a43c212abff53bde5fcd649e",5,38,36,39
"optimized-backends-record-20260724","ci_reverse","core","altrep","Main ALTREP","main","f5d5497623ffbeb4acb3a412c64d0a903ae41b64+post-foundation-round-complete","altrep",100000,"medium","charvec",20260721,"32930d4bafb9d6f4ee7b61840dbeb01a","charr",78.2,"system","R version 4.6.1 (2026-06-24)","/tmp/charr-final-round-6vZmP5/charr","3d947f3df10c63e20fffc0e4ef7f55f7","b6048fe5a9145f64d47e32d5df72435c","eedae0ee27c545032905b17ea9a2007c","30e4b529a43c212abff53bde5fcd649e",5,8,8,8
"optimized-backends-record-20260724","ci_trim_left","other","stringi","stringi","main","f5d5497623ffbeb4acb3a412c64d0a903ae41b64+post-foundation-round-complete","stringi",1000000,"fast","character",20260721,"25c716f0d4b3b4e05398094ee12e945f","stringi",74.1,"bundle","R version 4.6.1 (2026-06-24)","/tmp/charr-final-round-6vZmP5/charr","3d947f3df10c63e20fffc0e4ef7f55f7","b6048fe5a9145f64d47e32d5df72435c","eedae0ee27c545032905b17ea9a2007c","30e4b529a43c212abff53bde5fcd649e",5,364,348,372
"optimized-backends-record-20260724","ci_trim_left","other","base","Main base","main","f5d5497623ffbeb4acb3a412c64d0a903ae41b64+post-foundation-round-complete","base",1000000,"fast","character",20260721,"25c716f0d4b3b4e05398094ee12e945f","charr",78.2,"system","R version 4.6.1 (2026-06-24)","/tmp/charr-final-round-6vZmP5/charr","3d947f3df10c63e20fffc0e4ef7f55f7","b6048fe5a9145f64d47e32d5df72435c","eedae0ee27c545032905b17ea9a2007c","30e4b529a43c212abff53bde5fcd649e",5,345,342,347
"optimized-backends-record-20260724","ci_trim_left","other","altrep","Main ALTREP","main","f5d5497623ffbeb4acb3a412c64d0a903ae41b64+post-foundation-round-complete","altrep",1000000,"fast","charvec",20260721,"25c716f0d4b3b4e05398094ee12e945f","charr",78.2,"system","R version 4.6.1 (2026-06-24)","/tmp/charr-final-round-6vZmP5/charr","3d947f3df10c63e20fffc0e4ef7f55f7","b6048fe5a9145f64d47e32d5df72435c","eedae0ee27c545032905b17ea9a2007c","30e4b529a43c212abff53bde5fcd649e",5,42,41,43
"optimized-backends-record-20260724","ci_trim_right","other","stringi","stringi","main","f5d5497623ffbeb4acb3a412c64d0a903ae41b64+post-foundation-round-complete","stringi",1000000,"fast","character",20260721,"25c716f0d4b3b4e05398094ee12e945f","stringi",74.1,"bundle","R version 4.6.1 (2026-06-24)","/tmp/charr-final-round-6vZmP5/charr","3d947f3df10c63e20fffc0e4ef7f55f7","b6048fe5a9145f64d47e32d5df72435c","eedae0ee27c545032905b17ea9a2007c","30e4b529a43c212abff53bde5fcd649e",5,344,340,358
"optimized-backends-record-20260724","ci_trim_right","other","base","Main base","main","f5d5497623ffbeb4acb3a412c64d0a903ae41b64+post-foundation-round-complete","base",1000000,"fast","character",20260721,"25c716f0d4b3b4e05398094ee12e945f","charr",78.2,"system","R version 4.6.1 (2026-06-24)","/tmp/charr-final-round-6vZmP5/charr","3d947f3df10c63e20fffc0e4ef7f55f7","b6048fe5a9145f64d47e32d5df72435c","eedae0ee27c545032905b17ea9a2007c","30e4b529a43c212abff53bde5fcd649e",5,336,334,348
"optimized-backends-record-20260724","ci_trim_right","other","altrep","Main ALTREP","main","f5d5497623ffbeb4acb3a412c64d0a903ae41b64+post-foundation-round-complete","altrep",1000000,"fast","charvec",20260721,"25c716f0d4b3b4e05398094ee12e945f","charr",78.2,"system","R version 4.6.1 (2026-06-24)","/tmp/charr-final-round-6vZmP5/charr","3d947f3df10c63e20fffc0e4ef7f55f7","b6048fe5a9145f64d47e32d5df72435c","eedae0ee27c545032905b17ea9a2007c","30e4b529a43c212abff53bde5fcd649e",5,40,40,41
"optimized-backends-record-20260724","ci_trim_both","other","stringi","stringi","main","f5d5497623ffbeb4acb3a412c64d0a903ae41b64+post-foundation-round-complete","stringi",1000000,"fast","character",20260721,"25c716f0d4b3b4e05398094ee12e945f","stringi",74.1,"bundle","R version 4.6.1 (2026-06-24)","/tmp/charr-final-round-6vZmP5/charr","3d947f3df10c63e20fffc0e4ef7f55f7","b6048fe5a9145f64d47e32d5df72435c","eedae0ee27c545032905b17ea9a2007c","30e4b529a43c212abff53bde5fcd649e",5,203,197,210
"optimized-backends-record-20260724","ci_trim_both","other","base","Main base","main","f5d5497623ffbeb4acb3a412c64d0a903ae41b64+post-foundation-round-complete","base",1000000,"fast","character",20260721,"25c716f0d4b3b4e05398094ee12e945f","charr",78.2,"system","R version 4.6.1 (2026-06-24)","/tmp/charr-final-round-6vZmP5/charr","3d947f3df10c63e20fffc0e4ef7f55f7","b6048fe5a9145f64d47e32d5df72435c","eedae0ee27c545032905b17ea9a2007c","30e4b529a43c212abff53bde5fcd649e",5,199,195,201
"optimized-backends-record-20260724","ci_trim_both","other","altrep","Main ALTREP","main","f5d5497623ffbeb4acb3a412c64d0a903ae41b64+post-foundation-round-complete","altrep",1000000,"fast","charvec",20260721,"25c716f0d4b3b4e05398094ee12e945f","charr",78.2,"system","R version 4.6.1 (2026-06-24)","/tmp/charr-final-round-6vZmP5/charr","3d947f3df10c63e20fffc0e4ef7f55f7","b6048fe5a9145f64d47e32d5df72435c","eedae0ee27c545032905b17ea9a2007c","30e4b529a43c212abff53bde5fcd649e",5,45,44,45
"optimized-backends-record-20260724","ci_replace_na","core","stringi","stringi","main","f5d5497623ffbeb4acb3a412c64d0a903ae41b64+post-foundation-round-complete","stringi",1000000,"fast","character",20260721,"25c716f0d4b3b4e05398094ee12e945f","stringi",74.1,"bundle","R version 4.6.1 (2026-06-24)","/tmp/charr-final-round-6vZmP5/charr","3d947f3df10c63e20fffc0e4ef7f55f7","b6048fe5a9145f64d47e32d5df72435c","eedae0ee27c545032905b17ea9a2007c","30e4b529a43c212abff53bde5fcd649e",5,37,35,37
"optimized-backends-record-20260724","ci_replace_na","core","base","Main base","main","f5d5497623ffbeb4acb3a412c64d0a903ae41b64+post-foundation-round-complete","base",1000000,"fast","character",20260721,"25c716f0d4b3b4e05398094ee12e945f","charr",78.2,"system","R version 4.6.1 (2026-06-24)","/tmp/charr-final-round-6vZmP5/charr","3d947f3df10c63e20fffc0e4ef7f55f7","b6048fe5a9145f64d47e32d5df72435c","eedae0ee27c545032905b17ea9a2007c","30e4b529a43c212abff53bde5fcd649e",5,21,21,22
"optimized-backends-record-20260724","ci_replace_na","core","altrep","Main ALTREP","main","f5d5497623ffbeb4acb3a412c64d0a903ae41b64+post-foundation-round-complete","altrep",1000000,"fast","charvec",20260721,"25c716f0d4b3b4e05398094ee12e945f","charr",78.2,"system","R version 4.6.1 (2026-06-24)","/tmp/charr-final-round-6vZmP5/charr","3d947f3df10c63e20fffc0e4ef7f55f7","b6048fe5a9145f64d47e32d5df72435c","eedae0ee27c545032905b17ea9a2007c","30e4b529a43c212abff53bde5fcd649e",5,31,30,31
"optimized-backends-record-20260724","ci_detect_regex","regex","stringi","stringi","main","f5d5497623ffbeb4acb3a412c64d0a903ae41b64+post-foundation-round-complete","stringi",100000,"medium","character",20260721,"32930d4bafb9d6f4ee7b61840dbeb01a","stringi",74.1,"bundle","R version 4.6.1 (2026-06-24)","/tmp/charr-final-round-6vZmP5/charr","3d947f3df10c63e20fffc0e4ef7f55f7","b6048fe5a9145f64d47e32d5df72435c","eedae0ee27c545032905b17ea9a2007c","30e4b529a43c212abff53bde5fcd649e",5,48,47,49
"optimized-backends-record-20260724","ci_detect_regex","regex","base","Main base","main","f5d5497623ffbeb4acb3a412c64d0a903ae41b64+post-foundation-round-complete","base",100000,"medium","character",20260721,"32930d4bafb9d6f4ee7b61840dbeb01a","charr",78.2,"system","R version 4.6.1 (2026-06-24)","/tmp/charr-final-round-6vZmP5/charr","3d947f3df10c63e20fffc0e4ef7f55f7","b6048fe5a9145f64d47e32d5df72435c","eedae0ee27c545032905b17ea9a2007c","30e4b529a43c212abff53bde5fcd649e",5,40,39,42
"optimized-backends-record-20260724","ci_detect_regex","regex","altrep","Main ALTREP","main","f5d5497623ffbeb4acb3a412c64d0a903ae41b64+post-foundation-round-complete","altrep",100000,"medium","charvec",20260721,"32930d4bafb9d6f4ee7b61840dbeb01a","charr",78.2,"system","R version 4.6.1 (2026-06-24)","/tmp/charr-final-round-6vZmP5/charr","3d947f3df10c63e20fffc0e4ef7f55f7","b6048fe5a9145f64d47e32d5df72435c","eedae0ee27c545032905b17ea9a2007c","30e4b529a43c212abff53bde5fcd649e",5,38,37,38
"optimized-backends-record-20260724","ci_count_regex","regex","stringi","stringi","main","f5d5497623ffbeb4acb3a412c64d0a903ae41b64+post-foundation-round-complete","stringi",100000,"medium","character",20260721,"32930d4bafb9d6f4ee7b61840dbeb01a","stringi",74.1,"bundle","R version 4.6.1 (2026-06-24)","/tmp/charr-final-round-6vZmP5/charr","3d947f3df10c63e20fffc0e4ef7f55f7","b6048fe5a9145f64d47e32d5df72435c","eedae0ee27c545032905b17ea9a2007c","30e4b529a43c212abff53bde5fcd649e",5,83,82,84
"optimized-backends-record-20260724","ci_count_regex","regex","base","Main base","main","f5d5497623ffbeb4acb3a412c64d0a903ae41b64+post-foundation-round-complete","base",100000,"medium","character",20260721,"32930d4bafb9d6f4ee7b61840dbeb01a","charr",78.2,"system","R version 4.6.1 (2026-06-24)","/tmp/charr-final-round-6vZmP5/charr","3d947f3df10c63e20fffc0e4ef7f55f7","b6048fe5a9145f64d47e32d5df72435c","eedae0ee27c545032905b17ea9a2007c","30e4b529a43c212abff53bde5fcd649e",5,75,74,76
"optimized-backends-record-20260724","ci_count_regex","regex","altrep","Main ALTREP","main","f5d5497623ffbeb4acb3a412c64d0a903ae41b64+post-foundation-round-complete","altrep",100000,"medium","charvec",20260721,"32930d4bafb9d6f4ee7b61840dbeb01a","charr",78.2,"system","R version 4.6.1 (2026-06-24)","/tmp/charr-final-round-6vZmP5/charr","3d947f3df10c63e20fffc0e4ef7f55f7","b6048fe5a9145f64d47e32d5df72435c","eedae0ee27c545032905b17ea9a2007c","30e4b529a43c212abff53bde5fcd649e",5,75,73,78
"optimized-backends-record-20260724","ci_locate_first_regex","regex","stringi","stringi","main","f5d5497623ffbeb4acb3a412c64d0a903ae41b64+post-foundation-round-complete","stringi",100000,"medium","character",20260721,"32930d4bafb9d6f4ee7b61840dbeb01a","stringi",74.1,"bundle","R version 4.6.1 (2026-06-24)","/tmp/charr-final-round-6vZmP5/charr","3d947f3df10c63e20fffc0e4ef7f55f7","b6048fe5a9145f64d47e32d5df72435c","eedae0ee27c545032905b17ea9a2007c","30e4b529a43c212abff53bde5fcd649e",5,52,52,53
"optimized-backends-record-20260724","ci_locate_first_regex","regex","base","Main base","main","f5d5497623ffbeb4acb3a412c64d0a903ae41b64+post-foundation-round-complete","base",100000,"medium","character",20260721,"32930d4bafb9d6f4ee7b61840dbeb01a","charr",78.2,"system","R version 4.6.1 (2026-06-24)","/tmp/charr-final-round-6vZmP5/charr","3d947f3df10c63e20fffc0e4ef7f55f7","b6048fe5a9145f64d47e32d5df72435c","eedae0ee27c545032905b17ea9a2007c","30e4b529a43c212abff53bde5fcd649e",5,43,42,45
"optimized-backends-record-20260724","ci_locate_first_regex","regex","altrep","Main ALTREP","main","f5d5497623ffbeb4acb3a412c64d0a903ae41b64+post-foundation-round-complete","altrep",100000,"medium","charvec",20260721,"32930d4bafb9d6f4ee7b61840dbeb01a","charr",78.2,"system","R version 4.6.1 (2026-06-24)","/tmp/charr-final-round-6vZmP5/charr","3d947f3df10c63e20fffc0e4ef7f55f7","b6048fe5a9145f64d47e32d5df72435c","eedae0ee27c545032905b17ea9a2007c","30e4b529a43c212abff53bde5fcd649e",5,39,38,41
"optimized-backends-record-20260724","ci_locate_all_regex","regex","stringi","stringi","main","f5d5497623ffbeb4acb3a412c64d0a903ae41b64+post-foundation-round-complete","stringi",100000,"medium","character",20260721,"32930d4bafb9d6f4ee7b61840dbeb01a","stringi",74.1,"bundle","R version 4.6.1 (2026-06-24)","/tmp/charr-final-round-6vZmP5/charr","3d947f3df10c63e20fffc0e4ef7f55f7","b6048fe5a9145f64d47e32d5df72435c","eedae0ee27c545032905b17ea9a2007c","30e4b529a43c212abff53bde5fcd649e",5,126,125,130
"optimized-backends-record-20260724","ci_locate_all_regex","regex","base","Main base","main","f5d5497623ffbeb4acb3a412c64d0a903ae41b64+post-foundation-round-complete","base",100000,"medium","character",20260721,"32930d4bafb9d6f4ee7b61840dbeb01a","charr",78.2,"system","R version 4.6.1 (2026-06-24)","/tmp/charr-final-round-6vZmP5/charr","3d947f3df10c63e20fffc0e4ef7f55f7","b6048fe5a9145f64d47e32d5df72435c","eedae0ee27c545032905b17ea9a2007c","30e4b529a43c212abff53bde5fcd649e",5,110,109,112
"optimized-backends-record-20260724","ci_locate_all_regex","regex","altrep","Main ALTREP","main","f5d5497623ffbeb4acb3a412c64d0a903ae41b64+post-foundation-round-complete","altrep",100000,"medium","charvec",20260721,"32930d4bafb9d6f4ee7b61840dbeb01a","charr",78.2,"system","R version 4.6.1 (2026-06-24)","/tmp/charr-final-round-6vZmP5/charr","3d947f3df10c63e20fffc0e4ef7f55f7","b6048fe5a9145f64d47e32d5df72435c","eedae0ee27c545032905b17ea9a2007c","30e4b529a43c212abff53bde5fcd649e",5,104,104,118
"optimized-backends-record-20260724","ci_extract_first_regex","regex","stringi","stringi","main","f5d5497623ffbeb4acb3a412c64d0a903ae41b64+post-foundation-round-complete","stringi",100000,"medium","character",20260721,"32930d4bafb9d6f4ee7b61840dbeb01a","stringi",74.1,"bundle","R version 4.6.1 (2026-06-24)","/tmp/charr-final-round-6vZmP5/charr","3d947f3df10c63e20fffc0e4ef7f55f7","b6048fe5a9145f64d47e32d5df72435c","eedae0ee27c545032905b17ea9a2007c","30e4b529a43c212abff53bde5fcd649e",5,104,104,107
"optimized-backends-record-20260724","ci_extract_first_regex","regex","base","Main base","main","f5d5497623ffbeb4acb3a412c64d0a903ae41b64+post-foundation-round-complete","base",100000,"medium","character",20260721,"32930d4bafb9d6f4ee7b61840dbeb01a","charr",78.2,"system","R version 4.6.1 (2026-06-24)","/tmp/charr-final-round-6vZmP5/charr","3d947f3df10c63e20fffc0e4ef7f55f7","b6048fe5a9145f64d47e32d5df72435c","eedae0ee27c545032905b17ea9a2007c","30e4b529a43c212abff53bde5fcd649e",5,60,60,63
"optimized-backends-record-20260724","ci_extract_first_regex","regex","altrep","Main ALTREP","main","f5d5497623ffbeb4acb3a412c64d0a903ae41b64+post-foundation-round-complete","altrep",100000,"medium","charvec",20260721,"32930d4bafb9d6f4ee7b61840dbeb01a","charr",78.2,"system","R version 4.6.1 (2026-06-24)","/tmp/charr-final-round-6vZmP5/charr","3d947f3df10c63e20fffc0e4ef7f55f7","b6048fe5a9145f64d47e32d5df72435c","eedae0ee27c545032905b17ea9a2007c","30e4b529a43c212abff53bde5fcd649e",5,39,39,39
"optimized-backends-record-20260724","ci_extract_all_regex","regex","stringi","stringi","main","f5d5497623ffbeb4acb3a412c64d0a903ae41b64+post-foundation-round-complete","stringi",100000,"medium","character",20260721,"32930d4bafb9d6f4ee7b61840dbeb01a","stringi",74.1,"bundle","R version 4.6.1 (2026-06-24)","/tmp/charr-final-round-6vZmP5/charr","3d947f3df10c63e20fffc0e4ef7f55f7","b6048fe5a9145f64d47e32d5df72435c","eedae0ee27c545032905b17ea9a2007c","30e4b529a43c212abff53bde5fcd649e",5,222,218,227
"optimized-backends-record-20260724","ci_extract_all_regex","regex","base","Main base","main","f5d5497623ffbeb4acb3a412c64d0a903ae41b64+post-foundation-round-complete","base",100000,"medium","character",20260721,"32930d4bafb9d6f4ee7b61840dbeb01a","charr",78.2,"system","R version 4.6.1 (2026-06-24)","/tmp/charr-final-round-6vZmP5/charr","3d947f3df10c63e20fffc0e4ef7f55f7","b6048fe5a9145f64d47e32d5df72435c","eedae0ee27c545032905b17ea9a2007c","30e4b529a43c212abff53bde5fcd649e",5,148,146,149
"optimized-backends-record-20260724","ci_extract_all_regex","regex","altrep","Main ALTREP","main","f5d5497623ffbeb4acb3a412c64d0a903ae41b64+post-foundation-round-complete","altrep",100000,"medium","charvec",20260721,"32930d4bafb9d6f4ee7b61840dbeb01a","charr",78.2,"system","R version 4.6.1 (2026-06-24)","/tmp/charr-final-round-6vZmP5/charr","3d947f3df10c63e20fffc0e4ef7f55f7","b6048fe5a9145f64d47e32d5df72435c","eedae0ee27c545032905b17ea9a2007c","30e4b529a43c212abff53bde5fcd649e",5,115,114,128
"optimized-backends-record-20260724","ci_replace_first_regex","regex","stringi","stringi","main","f5d5497623ffbeb4acb3a412c64d0a903ae41b64+post-foundation-round-complete","stringi",100000,"medium","character",20260721,"32930d4bafb9d6f4ee7b61840dbeb01a","stringi",74.1,"bundle","R version 4.6.1 (2026-06-24)","/tmp/charr-final-round-6vZmP5/charr","3d947f3df10c63e20fffc0e4ef7f55f7","b6048fe5a9145f64d47e32d5df72435c","eedae0ee27c545032905b17ea9a2007c","30e4b529a43c212abff53bde5fcd649e",5,115,113,121
"optimized-backends-record-20260724","ci_replace_first_regex","regex","base","Main base","main","f5d5497623ffbeb4acb3a412c64d0a903ae41b64+post-foundation-round-complete","base",100000,"medium","character",20260721,"32930d4bafb9d6f4ee7b61840dbeb01a","charr",78.2,"system","R version 4.6.1 (2026-06-24)","/tmp/charr-final-round-6vZmP5/charr","3d947f3df10c63e20fffc0e4ef7f55f7","b6048fe5a9145f64d47e32d5df72435c","eedae0ee27c545032905b17ea9a2007c","30e4b529a43c212abff53bde5fcd649e",5,94,93,101
"optimized-backends-record-20260724","ci_replace_first_regex","regex","altrep","Main ALTREP","main","f5d5497623ffbeb4acb3a412c64d0a903ae41b64+post-foundation-round-complete","altrep",100000,"medium","charvec",20260721,"32930d4bafb9d6f4ee7b61840dbeb01a","charr",78.2,"system","R version 4.6.1 (2026-06-24)","/tmp/charr-final-round-6vZmP5/charr","3d947f3df10c63e20fffc0e4ef7f55f7","b6048fe5a9145f64d47e32d5df72435c","eedae0ee27c545032905b17ea9a2007c","30e4b529a43c212abff53bde5fcd649e",5,63,62,65
"optimized-backends-record-20260724","ci_replace_all_regex","regex","stringi","stringi","main","f5d5497623ffbeb4acb3a412c64d0a903ae41b64+post-foundation-round-complete","stringi",100000,"medium","character",20260721,"32930d4bafb9d6f4ee7b61840dbeb01a","stringi",74.1,"bundle","R version 4.6.1 (2026-06-24)","/tmp/charr-final-round-6vZmP5/charr","3d947f3df10c63e20fffc0e4ef7f55f7","b6048fe5a9145f64d47e32d5df72435c","eedae0ee27c545032905b17ea9a2007c","30e4b529a43c212abff53bde5fcd649e",5,144,144,145
"optimized-backends-record-20260724","ci_replace_all_regex","regex","base","Main base","main","f5d5497623ffbeb4acb3a412c64d0a903ae41b64+post-foundation-round-complete","base",100000,"medium","character",20260721,"32930d4bafb9d6f4ee7b61840dbeb01a","charr",78.2,"system","R version 4.6.1 (2026-06-24)","/tmp/charr-final-round-6vZmP5/charr","3d947f3df10c63e20fffc0e4ef7f55f7","b6048fe5a9145f64d47e32d5df72435c","eedae0ee27c545032905b17ea9a2007c","30e4b529a43c212abff53bde5fcd649e",5,138,135,140
"optimized-backends-record-20260724","ci_replace_all_regex","regex","altrep","Main ALTREP","main","f5d5497623ffbeb4acb3a412c64d0a903ae41b64+post-foundation-round-complete","altrep",100000,"medium","charvec",20260721,"32930d4bafb9d6f4ee7b61840dbeb01a","charr",78.2,"system","R version 4.6.1 (2026-06-24)","/tmp/charr-final-round-6vZmP5/charr","3d947f3df10c63e20fffc0e4ef7f55f7","b6048fe5a9145f64d47e32d5df72435c","eedae0ee27c545032905b17ea9a2007c","30e4b529a43c212abff53bde5fcd649e",5,109,109,115
"optimized-backends-record-20260724","ci_split_regex","regex","stringi","stringi","main","f5d5497623ffbeb4acb3a412c64d0a903ae41b64+post-foundation-round-complete","stringi",100000,"medium","character",20260721,"32930d4bafb9d6f4ee7b61840dbeb01a","stringi",74.1,"bundle","R version 4.6.1 (2026-06-24)","/tmp/charr-final-round-6vZmP5/charr","3d947f3df10c63e20fffc0e4ef7f55f7","b6048fe5a9145f64d47e32d5df72435c","eedae0ee27c545032905b17ea9a2007c","30e4b529a43c212abff53bde5fcd649e",5,164,156,168
"optimized-backends-record-20260724","ci_split_regex","regex","base","Main base","main","f5d5497623ffbeb4acb3a412c64d0a903ae41b64+post-foundation-round-complete","base",100000,"medium","character",20260721,"32930d4bafb9d6f4ee7b61840dbeb01a","charr",78.2,"system","R version 4.6.1 (2026-06-24)","/tmp/charr-final-round-6vZmP5/charr","3d947f3df10c63e20fffc0e4ef7f55f7","b6048fe5a9145f64d47e32d5df72435c","eedae0ee27c545032905b17ea9a2007c","30e4b529a43c212abff53bde5fcd649e",5,140,136,141
"optimized-backends-record-20260724","ci_split_regex","regex","altrep","Main ALTREP","main","f5d5497623ffbeb4acb3a412c64d0a903ae41b64+post-foundation-round-complete","altrep",100000,"medium","charvec",20260721,"32930d4bafb9d6f4ee7b61840dbeb01a","charr",78.2,"system","R version 4.6.1 (2026-06-24)","/tmp/charr-final-round-6vZmP5/charr","3d947f3df10c63e20fffc0e4ef7f55f7","b6048fe5a9145f64d47e32d5df72435c","eedae0ee27c545032905b17ea9a2007c","30e4b529a43c212abff53bde5fcd649e",5,98,98,104
"optimized-backends-record-20260724","ci_match_first_regex","regex","stringi","stringi","main","f5d5497623ffbeb4acb3a412c64d0a903ae41b64+post-foundation-round-complete","stringi",100000,"medium","character",20260721,"32930d4bafb9d6f4ee7b61840dbeb01a","stringi",74.1,"bundle","R version 4.6.1 (2026-06-24)","/tmp/charr-final-round-6vZmP5/charr","3d947f3df10c63e20fffc0e4ef7f55f7","b6048fe5a9145f64d47e32d5df72435c","eedae0ee27c545032905b17ea9a2007c","30e4b529a43c212abff53bde5fcd649e",5,63,61,66
"optimized-backends-record-20260724","ci_match_first_regex","regex","base","Main base","main","f5d5497623ffbeb4acb3a412c64d0a903ae41b64+post-foundation-round-complete","base",100000,"medium","character",20260721,"32930d4bafb9d6f4ee7b61840dbeb01a","charr",78.2,"system","R version 4.6.1 (2026-06-24)","/tmp/charr-final-round-6vZmP5/charr","3d947f3df10c63e20fffc0e4ef7f55f7","b6048fe5a9145f64d47e32d5df72435c","eedae0ee27c545032905b17ea9a2007c","30e4b529a43c212abff53bde5fcd649e",5,52,50,54
"optimized-backends-record-20260724","ci_match_first_regex","regex","altrep","Main ALTREP","main","f5d5497623ffbeb4acb3a412c64d0a903ae41b64+post-foundation-round-complete","altrep",100000,"medium","charvec",20260721,"32930d4bafb9d6f4ee7b61840dbeb01a","charr",78.2,"system","R version 4.6.1 (2026-06-24)","/tmp/charr-final-round-6vZmP5/charr","3d947f3df10c63e20fffc0e4ef7f55f7","b6048fe5a9145f64d47e32d5df72435c","eedae0ee27c545032905b17ea9a2007c","30e4b529a43c212abff53bde5fcd649e",5,26,25,27
"optimized-backends-record-20260724","ci_match_all_regex","regex","stringi","stringi","main","f5d5497623ffbeb4acb3a412c64d0a903ae41b64+post-foundation-round-complete","stringi",100000,"medium","character",20260721,"32930d4bafb9d6f4ee7b61840dbeb01a","stringi",74.1,"bundle","R version 4.6.1 (2026-06-24)","/tmp/charr-final-round-6vZmP5/charr","3d947f3df10c63e20fffc0e4ef7f55f7","b6048fe5a9145f64d47e32d5df72435c","eedae0ee27c545032905b17ea9a2007c","30e4b529a43c212abff53bde5fcd649e",5,226,220,227
"optimized-backends-record-20260724","ci_match_all_regex","regex","base","Main base","main","f5d5497623ffbeb4acb3a412c64d0a903ae41b64+post-foundation-round-complete","base",100000,"medium","character",20260721,"32930d4bafb9d6f4ee7b61840dbeb01a","charr",78.2,"system","R version 4.6.1 (2026-06-24)","/tmp/charr-final-round-6vZmP5/charr","3d947f3df10c63e20fffc0e4ef7f55f7","b6048fe5a9145f64d47e32d5df72435c","eedae0ee27c545032905b17ea9a2007c","30e4b529a43c212abff53bde5fcd649e",5,198,195,211
"optimized-backends-record-20260724","ci_match_all_regex","regex","altrep","Main ALTREP","main","f5d5497623ffbeb4acb3a412c64d0a903ae41b64+post-foundation-round-complete","altrep",100000,"medium","charvec",20260721,"32930d4bafb9d6f4ee7b61840dbeb01a","charr",78.2,"system","R version 4.6.1 (2026-06-24)","/tmp/charr-final-round-6vZmP5/charr","3d947f3df10c63e20fffc0e4ef7f55f7","b6048fe5a9145f64d47e32d5df72435c","eedae0ee27c545032905b17ea9a2007c","30e4b529a43c212abff53bde5fcd649e",5,117,115,118
"optimized-backends-record-20260724","ci_detect_coll","collation","stringi","stringi","main","f5d5497623ffbeb4acb3a412c64d0a903ae41b64+post-foundation-round-complete","stringi",100000,"medium","character",20260721,"32930d4bafb9d6f4ee7b61840dbeb01a","stringi",74.1,"bundle","R version 4.6.1 (2026-06-24)","/tmp/charr-final-round-6vZmP5/charr","3d947f3df10c63e20fffc0e4ef7f55f7","b6048fe5a9145f64d47e32d5df72435c","eedae0ee27c545032905b17ea9a2007c","30e4b529a43c212abff53bde5fcd649e",5,115,114,116
"optimized-backends-record-20260724","ci_detect_coll","collation","base","Main base","main","f5d5497623ffbeb4acb3a412c64d0a903ae41b64+post-foundation-round-complete","base",100000,"medium","character",20260721,"32930d4bafb9d6f4ee7b61840dbeb01a","charr",78.2,"system","R version 4.6.1 (2026-06-24)","/tmp/charr-final-round-6vZmP5/charr","3d947f3df10c63e20fffc0e4ef7f55f7","b6048fe5a9145f64d47e32d5df72435c","eedae0ee27c545032905b17ea9a2007c","30e4b529a43c212abff53bde5fcd649e",5,109,108,113
"optimized-backends-record-20260724","ci_detect_coll","collation","altrep","Main ALTREP","main","f5d5497623ffbeb4acb3a412c64d0a903ae41b64+post-foundation-round-complete","altrep",100000,"medium","charvec",20260721,"32930d4bafb9d6f4ee7b61840dbeb01a","charr",78.2,"system","R version 4.6.1 (2026-06-24)","/tmp/charr-final-round-6vZmP5/charr","3d947f3df10c63e20fffc0e4ef7f55f7","b6048fe5a9145f64d47e32d5df72435c","eedae0ee27c545032905b17ea9a2007c","30e4b529a43c212abff53bde5fcd649e",5,105,104,110
"optimized-backends-record-20260724","ci_startswith_coll","collation","stringi","stringi","main","f5d5497623ffbeb4acb3a412c64d0a903ae41b64+post-foundation-round-complete","stringi",100000,"medium","character",20260721,"32930d4bafb9d6f4ee7b61840dbeb01a","stringi",74.1,"bundle","R version 4.6.1 (2026-06-24)","/tmp/charr-final-round-6vZmP5/charr","3d947f3df10c63e20fffc0e4ef7f55f7","b6048fe5a9145f64d47e32d5df72435c","eedae0ee27c545032905b17ea9a2007c","30e4b529a43c212abff53bde5fcd649e",5,117,117,129
"optimized-backends-record-20260724","ci_startswith_coll","collation","base","Main base","main","f5d5497623ffbeb4acb3a412c64d0a903ae41b64+post-foundation-round-complete","base",100000,"medium","character",20260721,"32930d4bafb9d6f4ee7b61840dbeb01a","charr",78.2,"system","R version 4.6.1 (2026-06-24)","/tmp/charr-final-round-6vZmP5/charr","3d947f3df10c63e20fffc0e4ef7f55f7","b6048fe5a9145f64d47e32d5df72435c","eedae0ee27c545032905b17ea9a2007c","30e4b529a43c212abff53bde5fcd649e",5,112,110,112
"optimized-backends-record-20260724","ci_startswith_coll","collation","altrep","Main ALTREP","main","f5d5497623ffbeb4acb3a412c64d0a903ae41b64+post-foundation-round-complete","altrep",100000,"medium","charvec",20260721,"32930d4bafb9d6f4ee7b61840dbeb01a","charr",78.2,"system","R version 4.6.1 (2026-06-24)","/tmp/charr-final-round-6vZmP5/charr","3d947f3df10c63e20fffc0e4ef7f55f7","b6048fe5a9145f64d47e32d5df72435c","eedae0ee27c545032905b17ea9a2007c","30e4b529a43c212abff53bde5fcd649e",5,107,106,108
"optimized-backends-record-20260724","ci_endswith_coll","collation","stringi","stringi","main","f5d5497623ffbeb4acb3a412c64d0a903ae41b64+post-foundation-round-complete","stringi",100000,"medium","character",20260721,"32930d4bafb9d6f4ee7b61840dbeb01a","stringi",74.1,"bundle","R version 4.6.1 (2026-06-24)","/tmp/charr-final-round-6vZmP5/charr","3d947f3df10c63e20fffc0e4ef7f55f7","b6048fe5a9145f64d47e32d5df72435c","eedae0ee27c545032905b17ea9a2007c","30e4b529a43c212abff53bde5fcd649e",5,187,185,195
"optimized-backends-record-20260724","ci_endswith_coll","collation","base","Main base","main","f5d5497623ffbeb4acb3a412c64d0a903ae41b64+post-foundation-round-complete","base",100000,"medium","character",20260721,"32930d4bafb9d6f4ee7b61840dbeb01a","charr",78.2,"system","R version 4.6.1 (2026-06-24)","/tmp/charr-final-round-6vZmP5/charr","3d947f3df10c63e20fffc0e4ef7f55f7","b6048fe5a9145f64d47e32d5df72435c","eedae0ee27c545032905b17ea9a2007c","30e4b529a43c212abff53bde5fcd649e",5,186,184,186
"optimized-backends-record-20260724","ci_endswith_coll","collation","altrep","Main ALTREP","main","f5d5497623ffbeb4acb3a412c64d0a903ae41b64+post-foundation-round-complete","altrep",100000,"medium","charvec",20260721,"32930d4bafb9d6f4ee7b61840dbeb01a","charr",78.2,"system","R version 4.6.1 (2026-06-24)","/tmp/charr-final-round-6vZmP5/charr","3d947f3df10c63e20fffc0e4ef7f55f7","b6048fe5a9145f64d47e32d5df72435c","eedae0ee27c545032905b17ea9a2007c","30e4b529a43c212abff53bde5fcd649e",5,181,180,190
"optimized-backends-record-20260724","ci_count_coll","collation","stringi","stringi","main","f5d5497623ffbeb4acb3a412c64d0a903ae41b64+post-foundation-round-complete","stringi",10000,"slow","character",20260721,"e6d3a516692fdd33881c621e2169c2fb","stringi",74.1,"bundle","R version 4.6.1 (2026-06-24)","/tmp/charr-final-round-6vZmP5/charr","3d947f3df10c63e20fffc0e4ef7f55f7","b6048fe5a9145f64d47e32d5df72435c","eedae0ee27c545032905b17ea9a2007c","30e4b529a43c212abff53bde5fcd649e",5,18,17,19
"optimized-backends-record-20260724","ci_count_coll","collation","base","Main base","main","f5d5497623ffbeb4acb3a412c64d0a903ae41b64+post-foundation-round-complete","base",10000,"slow","character",20260721,"e6d3a516692fdd33881c621e2169c2fb","charr",78.2,"system","R version 4.6.1 (2026-06-24)","/tmp/charr-final-round-6vZmP5/charr","3d947f3df10c63e20fffc0e4ef7f55f7","b6048fe5a9145f64d47e32d5df72435c","eedae0ee27c545032905b17ea9a2007c","30e4b529a43c212abff53bde5fcd649e",5,16,16,16
"optimized-backends-record-20260724","ci_count_coll","collation","altrep","Main ALTREP","main","f5d5497623ffbeb4acb3a412c64d0a903ae41b64+post-foundation-round-complete","altrep",10000,"slow","charvec",20260721,"e6d3a516692fdd33881c621e2169c2fb","charr",78.2,"system","R version 4.6.1 (2026-06-24)","/tmp/charr-final-round-6vZmP5/charr","3d947f3df10c63e20fffc0e4ef7f55f7","b6048fe5a9145f64d47e32d5df72435c","eedae0ee27c545032905b17ea9a2007c","30e4b529a43c212abff53bde5fcd649e",5,15,15,17
"optimized-backends-record-20260724","ci_locate_first_coll","collation","stringi","stringi","main","f5d5497623ffbeb4acb3a412c64d0a903ae41b64+post-foundation-round-complete","stringi",100000,"medium","character",20260721,"32930d4bafb9d6f4ee7b61840dbeb01a","stringi",74.1,"bundle","R version 4.6.1 (2026-06-24)","/tmp/charr-final-round-6vZmP5/charr","3d947f3df10c63e20fffc0e4ef7f55f7","b6048fe5a9145f64d47e32d5df72435c","eedae0ee27c545032905b17ea9a2007c","30e4b529a43c212abff53bde5fcd649e",5,118,116,120
"optimized-backends-record-20260724","ci_locate_first_coll","collation","base","Main base","main","f5d5497623ffbeb4acb3a412c64d0a903ae41b64+post-foundation-round-complete","base",100000,"medium","character",20260721,"32930d4bafb9d6f4ee7b61840dbeb01a","charr",78.2,"system","R version 4.6.1 (2026-06-24)","/tmp/charr-final-round-6vZmP5/charr","3d947f3df10c63e20fffc0e4ef7f55f7","b6048fe5a9145f64d47e32d5df72435c","eedae0ee27c545032905b17ea9a2007c","30e4b529a43c212abff53bde5fcd649e",5,111,110,113
"optimized-backends-record-20260724","ci_locate_first_coll","collation","altrep","Main ALTREP","main","f5d5497623ffbeb4acb3a412c64d0a903ae41b64+post-foundation-round-complete","altrep",100000,"medium","charvec",20260721,"32930d4bafb9d6f4ee7b61840dbeb01a","charr",78.2,"system","R version 4.6.1 (2026-06-24)","/tmp/charr-final-round-6vZmP5/charr","3d947f3df10c63e20fffc0e4ef7f55f7","b6048fe5a9145f64d47e32d5df72435c","eedae0ee27c545032905b17ea9a2007c","30e4b529a43c212abff53bde5fcd649e",5,107,106,111
"optimized-backends-record-20260724","ci_locate_all_coll","collation","stringi","stringi","main","f5d5497623ffbeb4acb3a412c64d0a903ae41b64+post-foundation-round-complete","stringi",10000,"slow","character",20260721,"e6d3a516692fdd33881c621e2169c2fb","stringi",74.1,"bundle","R version 4.6.1 (2026-06-24)","/tmp/charr-final-round-6vZmP5/charr","3d947f3df10c63e20fffc0e4ef7f55f7","b6048fe5a9145f64d47e32d5df72435c","eedae0ee27c545032905b17ea9a2007c","30e4b529a43c212abff53bde5fcd649e",5,20,20,21
"optimized-backends-record-20260724","ci_locate_all_coll","collation","base","Main base","main","f5d5497623ffbeb4acb3a412c64d0a903ae41b64+post-foundation-round-complete","base",10000,"slow","character",20260721,"e6d3a516692fdd33881c621e2169c2fb","charr",78.2,"system","R version 4.6.1 (2026-06-24)","/tmp/charr-final-round-6vZmP5/charr","3d947f3df10c63e20fffc0e4ef7f55f7","b6048fe5a9145f64d47e32d5df72435c","eedae0ee27c545032905b17ea9a2007c","30e4b529a43c212abff53bde5fcd649e",5,19,19,20
"optimized-backends-record-20260724","ci_locate_all_coll","collation","altrep","Main ALTREP","main","f5d5497623ffbeb4acb3a412c64d0a903ae41b64+post-foundation-round-complete","altrep",10000,"slow","charvec",20260721,"e6d3a516692fdd33881c621e2169c2fb","charr",78.2,"system","R version 4.6.1 (2026-06-24)","/tmp/charr-final-round-6vZmP5/charr","3d947f3df10c63e20fffc0e4ef7f55f7","b6048fe5a9145f64d47e32d5df72435c","eedae0ee27c545032905b17ea9a2007c","30e4b529a43c212abff53bde5fcd649e",5,18,17,19
"optimized-backends-record-20260724","ci_extract_first_coll","collation","stringi","stringi","main","f5d5497623ffbeb4acb3a412c64d0a903ae41b64+post-foundation-round-complete","stringi",100000,"medium","character",20260721,"32930d4bafb9d6f4ee7b61840dbeb01a","stringi",74.1,"bundle","R version 4.6.1 (2026-06-24)","/tmp/charr-final-round-6vZmP5/charr","3d947f3df10c63e20fffc0e4ef7f55f7","b6048fe5a9145f64d47e32d5df72435c","eedae0ee27c545032905b17ea9a2007c","30e4b529a43c212abff53bde5fcd649e",5,120,119,124
"optimized-backends-record-20260724","ci_extract_first_coll","collation","base","Main base","main","f5d5497623ffbeb4acb3a412c64d0a903ae41b64+post-foundation-round-complete","base",100000,"medium","character",20260721,"32930d4bafb9d6f4ee7b61840dbeb01a","charr",78.2,"system","R version 4.6.1 (2026-06-24)","/tmp/charr-final-round-6vZmP5/charr","3d947f3df10c63e20fffc0e4ef7f55f7","b6048fe5a9145f64d47e32d5df72435c","eedae0ee27c545032905b17ea9a2007c","30e4b529a43c212abff53bde5fcd649e",5,113,112,115
"optimized-backends-record-20260724","ci_extract_first_coll","collation","altrep","Main ALTREP","main","f5d5497623ffbeb4acb3a412c64d0a903ae41b64+post-foundation-round-complete","altrep",100000,"medium","charvec",20260721,"32930d4bafb9d6f4ee7b61840dbeb01a","charr",78.2,"system","R version 4.6.1 (2026-06-24)","/tmp/charr-final-round-6vZmP5/charr","3d947f3df10c63e20fffc0e4ef7f55f7","b6048fe5a9145f64d47e32d5df72435c","eedae0ee27c545032905b17ea9a2007c","30e4b529a43c212abff53bde5fcd649e",5,109,107,116
"optimized-backends-record-20260724","ci_extract_all_coll","collation","stringi","stringi","main","f5d5497623ffbeb4acb3a412c64d0a903ae41b64+post-foundation-round-complete","stringi",10000,"slow","character",20260721,"e6d3a516692fdd33881c621e2169c2fb","stringi",74.1,"bundle","R version 4.6.1 (2026-06-24)","/tmp/charr-final-round-6vZmP5/charr","3d947f3df10c63e20fffc0e4ef7f55f7","b6048fe5a9145f64d47e32d5df72435c","eedae0ee27c545032905b17ea9a2007c","30e4b529a43c212abff53bde5fcd649e",5,19,19,22
"optimized-backends-record-20260724","ci_extract_all_coll","collation","base","Main base","main","f5d5497623ffbeb4acb3a412c64d0a903ae41b64+post-foundation-round-complete","base",10000,"slow","character",20260721,"e6d3a516692fdd33881c621e2169c2fb","charr",78.2,"system","R version 4.6.1 (2026-06-24)","/tmp/charr-final-round-6vZmP5/charr","3d947f3df10c63e20fffc0e4ef7f55f7","b6048fe5a9145f64d47e32d5df72435c","eedae0ee27c545032905b17ea9a2007c","30e4b529a43c212abff53bde5fcd649e",5,18,17,18
"optimized-backends-record-20260724","ci_extract_all_coll","collation","altrep","Main ALTREP","main","f5d5497623ffbeb4acb3a412c64d0a903ae41b64+post-foundation-round-complete","altrep",10000,"slow","charvec",20260721,"e6d3a516692fdd33881c621e2169c2fb","charr",78.2,"system","R version 4.6.1 (2026-06-24)","/tmp/charr-final-round-6vZmP5/charr","3d947f3df10c63e20fffc0e4ef7f55f7","b6048fe5a9145f64d47e32d5df72435c","eedae0ee27c545032905b17ea9a2007c","30e4b529a43c212abff53bde5fcd649e",5,18,18,19
"optimized-backends-record-20260724","ci_replace_first_coll","collation","stringi","stringi","main","f5d5497623ffbeb4acb3a412c64d0a903ae41b64+post-foundation-round-complete","stringi",100000,"medium","character",20260721,"32930d4bafb9d6f4ee7b61840dbeb01a","stringi",74.1,"bundle","R version 4.6.1 (2026-06-24)","/tmp/charr-final-round-6vZmP5/charr","3d947f3df10c63e20fffc0e4ef7f55f7","b6048fe5a9145f64d47e32d5df72435c","eedae0ee27c545032905b17ea9a2007c","30e4b529a43c212abff53bde5fcd649e",5,153,148,158
"optimized-backends-record-20260724","ci_replace_first_coll","collation","base","Main base","main","f5d5497623ffbeb4acb3a412c64d0a903ae41b64+post-foundation-round-complete","base",100000,"medium","character",20260721,"32930d4bafb9d6f4ee7b61840dbeb01a","charr",78.2,"system","R version 4.6.1 (2026-06-24)","/tmp/charr-final-round-6vZmP5/charr","3d947f3df10c63e20fffc0e4ef7f55f7","b6048fe5a9145f64d47e32d5df72435c","eedae0ee27c545032905b17ea9a2007c","30e4b529a43c212abff53bde5fcd649e",5,141,138,145
"optimized-backends-record-20260724","ci_replace_first_coll","collation","altrep","Main ALTREP","main","f5d5497623ffbeb4acb3a412c64d0a903ae41b64+post-foundation-round-complete","altrep",100000,"medium","charvec",20260721,"32930d4bafb9d6f4ee7b61840dbeb01a","charr",78.2,"system","R version 4.6.1 (2026-06-24)","/tmp/charr-final-round-6vZmP5/charr","3d947f3df10c63e20fffc0e4ef7f55f7","b6048fe5a9145f64d47e32d5df72435c","eedae0ee27c545032905b17ea9a2007c","30e4b529a43c212abff53bde5fcd649e",5,113,112,116
"optimized-backends-record-20260724","ci_replace_all_coll","collation","stringi","stringi","main","f5d5497623ffbeb4acb3a412c64d0a903ae41b64+post-foundation-round-complete","stringi",10000,"slow","character",20260721,"e6d3a516692fdd33881c621e2169c2fb","stringi",74.1,"bundle","R version 4.6.1 (2026-06-24)","/tmp/charr-final-round-6vZmP5/charr","3d947f3df10c63e20fffc0e4ef7f55f7","b6048fe5a9145f64d47e32d5df72435c","eedae0ee27c545032905b17ea9a2007c","30e4b529a43c212abff53bde5fcd649e",5,20,20,21
"optimized-backends-record-20260724","ci_replace_all_coll","collation","base","Main base","main","f5d5497623ffbeb4acb3a412c64d0a903ae41b64+post-foundation-round-complete","base",10000,"slow","character",20260721,"e6d3a516692fdd33881c621e2169c2fb","charr",78.2,"system","R version 4.6.1 (2026-06-24)","/tmp/charr-final-round-6vZmP5/charr","3d947f3df10c63e20fffc0e4ef7f55f7","b6048fe5a9145f64d47e32d5df72435c","eedae0ee27c545032905b17ea9a2007c","30e4b529a43c212abff53bde5fcd649e",5,19,18,20
"optimized-backends-record-20260724","ci_replace_all_coll","collation","altrep","Main ALTREP","main","f5d5497623ffbeb4acb3a412c64d0a903ae41b64+post-foundation-round-complete","altrep",10000,"slow","charvec",20260721,"e6d3a516692fdd33881c621e2169c2fb","charr",78.2,"system","R version 4.6.1 (2026-06-24)","/tmp/charr-final-round-6vZmP5/charr","3d947f3df10c63e20fffc0e4ef7f55f7","b6048fe5a9145f64d47e32d5df72435c","eedae0ee27c545032905b17ea9a2007c","30e4b529a43c212abff53bde5fcd649e",5,17,17,18
"optimized-backends-record-20260724","ci_split_coll","collation","stringi","stringi","main","f5d5497623ffbeb4acb3a412c64d0a903ae41b64+post-foundation-round-complete","stringi",10000,"slow","character",20260721,"e6d3a516692fdd33881c621e2169c2fb","stringi",74.1,"bundle","R version 4.6.1 (2026-06-24)","/tmp/charr-final-round-6vZmP5/charr","3d947f3df10c63e20fffc0e4ef7f55f7","b6048fe5a9145f64d47e32d5df72435c","eedae0ee27c545032905b17ea9a2007c","30e4b529a43c212abff53bde5fcd649e",5,22,22,24
"optimized-backends-record-20260724","ci_split_coll","collation","base","Main base","main","f5d5497623ffbeb4acb3a412c64d0a903ae41b64+post-foundation-round-complete","base",10000,"slow","character",20260721,"e6d3a516692fdd33881c621e2169c2fb","charr",78.2,"system","R version 4.6.1 (2026-06-24)","/tmp/charr-final-round-6vZmP5/charr","3d947f3df10c63e20fffc0e4ef7f55f7","b6048fe5a9145f64d47e32d5df72435c","eedae0ee27c545032905b17ea9a2007c","30e4b529a43c212abff53bde5fcd649e",5,21,20,22
"optimized-backends-record-20260724","ci_split_coll","collation","altrep","Main ALTREP","main","f5d5497623ffbeb4acb3a412c64d0a903ae41b64+post-foundation-round-complete","altrep",10000,"slow","charvec",20260721,"e6d3a516692fdd33881c621e2169c2fb","charr",78.2,"system","R version 4.6.1 (2026-06-24)","/tmp/charr-final-round-6vZmP5/charr","3d947f3df10c63e20fffc0e4ef7f55f7","b6048fe5a9145f64d47e32d5df72435c","eedae0ee27c545032905b17ea9a2007c","30e4b529a43c212abff53bde5fcd649e",5,20,20,21
"optimized-backends-record-20260724","ci_order","ordering","stringi","stringi","main","f5d5497623ffbeb4acb3a412c64d0a903ae41b64+post-foundation-round-complete","stringi",100000,"medium","character",20260721,"32930d4bafb9d6f4ee7b61840dbeb01a","stringi",74.1,"bundle","R version 4.6.1 (2026-06-24)","/tmp/charr-final-round-6vZmP5/charr","3d947f3df10c63e20fffc0e4ef7f55f7","b6048fe5a9145f64d47e32d5df72435c","eedae0ee27c545032905b17ea9a2007c","30e4b529a43c212abff53bde5fcd649e",5,71,70,77
"optimized-backends-record-20260724","ci_order","ordering","base","Main base","main","f5d5497623ffbeb4acb3a412c64d0a903ae41b64+post-foundation-round-complete","base",100000,"medium","character",20260721,"32930d4bafb9d6f4ee7b61840dbeb01a","charr",78.2,"system","R version 4.6.1 (2026-06-24)","/tmp/charr-final-round-6vZmP5/charr","3d947f3df10c63e20fffc0e4ef7f55f7","b6048fe5a9145f64d47e32d5df72435c","eedae0ee27c545032905b17ea9a2007c","30e4b529a43c212abff53bde5fcd649e",5,68,67,69
"optimized-backends-record-20260724","ci_order","ordering","altrep","Main ALTREP","main","f5d5497623ffbeb4acb3a412c64d0a903ae41b64+post-foundation-round-complete","altrep",100000,"medium","charvec",20260721,"32930d4bafb9d6f4ee7b61840dbeb01a","charr",78.2,"system","R version 4.6.1 (2026-06-24)","/tmp/charr-final-round-6vZmP5/charr","3d947f3df10c63e20fffc0e4ef7f55f7","b6048fe5a9145f64d47e32d5df72435c","eedae0ee27c545032905b17ea9a2007c","30e4b529a43c212abff53bde5fcd649e",5,65,64,68
"optimized-backends-record-20260724","ci_rank","ordering","stringi","stringi","main","f5d5497623ffbeb4acb3a412c64d0a903ae41b64+post-foundation-round-complete","stringi",100000,"medium","character",20260721,"32930d4bafb9d6f4ee7b61840dbeb01a","stringi",74.1,"bundle","R version 4.6.1 (2026-06-24)","/tmp/charr-final-round-6vZmP5/charr","3d947f3df10c63e20fffc0e4ef7f55f7","b6048fe5a9145f64d47e32d5df72435c","eedae0ee27c545032905b17ea9a2007c","30e4b529a43c212abff53bde5fcd649e",5,79,78,84
"optimized-backends-record-20260724","ci_rank","ordering","base","Main base","main","f5d5497623ffbeb4acb3a412c64d0a903ae41b64+post-foundation-round-complete","base",100000,"medium","character",20260721,"32930d4bafb9d6f4ee7b61840dbeb01a","charr",78.2,"system","R version 4.6.1 (2026-06-24)","/tmp/charr-final-round-6vZmP5/charr","3d947f3df10c63e20fffc0e4ef7f55f7","b6048fe5a9145f64d47e32d5df72435c","eedae0ee27c545032905b17ea9a2007c","30e4b529a43c212abff53bde5fcd649e",5,74,73,79
"optimized-backends-record-20260724","ci_rank","ordering","altrep","Main ALTREP","main","f5d5497623ffbeb4acb3a412c64d0a903ae41b64+post-foundation-round-complete","altrep",100000,"medium","charvec",20260721,"32930d4bafb9d6f4ee7b61840dbeb01a","charr",78.2,"system","R version 4.6.1 (2026-06-24)","/tmp/charr-final-round-6vZmP5/charr","3d947f3df10c63e20fffc0e4ef7f55f7","b6048fe5a9145f64d47e32d5df72435c","eedae0ee27c545032905b17ea9a2007c","30e4b529a43c212abff53bde5fcd649e",5,73,69,77
"optimized-backends-record-20260724","ci_cmp_equiv","ordering","stringi","stringi","main","f5d5497623ffbeb4acb3a412c64d0a903ae41b64+post-foundation-round-complete","stringi",1000000,"fast","character",20260721,"25c716f0d4b3b4e05398094ee12e945f","stringi",74.1,"bundle","R version 4.6.1 (2026-06-24)","/tmp/charr-final-round-6vZmP5/charr","3d947f3df10c63e20fffc0e4ef7f55f7","b6048fe5a9145f64d47e32d5df72435c","eedae0ee27c545032905b17ea9a2007c","30e4b529a43c212abff53bde5fcd649e",5,78,78,81
"optimized-backends-record-20260724","ci_cmp_equiv","ordering","base","Main base","main","f5d5497623ffbeb4acb3a412c64d0a903ae41b64+post-foundation-round-complete","base",1000000,"fast","character",20260721,"25c716f0d4b3b4e05398094ee12e945f","charr",78.2,"system","R version 4.6.1 (2026-06-24)","/tmp/charr-final-round-6vZmP5/charr","3d947f3df10c63e20fffc0e4ef7f55f7","b6048fe5a9145f64d47e32d5df72435c","eedae0ee27c545032905b17ea9a2007c","30e4b529a43c212abff53bde5fcd649e",5,71,70,72
"optimized-backends-record-20260724","ci_cmp_equiv","ordering","altrep","Main ALTREP","main","f5d5497623ffbeb4acb3a412c64d0a903ae41b64+post-foundation-round-complete","altrep",1000000,"fast","charvec",20260721,"25c716f0d4b3b4e05398094ee12e945f","charr",78.2,"system","R version 4.6.1 (2026-06-24)","/tmp/charr-final-round-6vZmP5/charr","3d947f3df10c63e20fffc0e4ef7f55f7","b6048fe5a9145f64d47e32d5df72435c","eedae0ee27c545032905b17ea9a2007c","30e4b529a43c212abff53bde5fcd649e",5,59,58,60
"optimized-backends-record-20260724","ci_duplicated","ordering","stringi","stringi","main","f5d5497623ffbeb4acb3a412c64d0a903ae41b64+post-foundation-round-complete","stringi",100000,"medium","character",20260721,"32930d4bafb9d6f4ee7b61840dbeb01a","stringi",74.1,"bundle","R version 4.6.1 (2026-06-24)","/tmp/charr-final-round-6vZmP5/charr","3d947f3df10c63e20fffc0e4ef7f55f7","b6048fe5a9145f64d47e32d5df72435c","eedae0ee27c545032905b17ea9a2007c","30e4b529a43c212abff53bde5fcd649e",5,113,109,132
"optimized-backends-record-20260724","ci_duplicated","ordering","base","Main base","main","f5d5497623ffbeb4acb3a412c64d0a903ae41b64+post-foundation-round-complete","base",100000,"medium","character",20260721,"32930d4bafb9d6f4ee7b61840dbeb01a","charr",78.2,"system","R version 4.6.1 (2026-06-24)","/tmp/charr-final-round-6vZmP5/charr","3d947f3df10c63e20fffc0e4ef7f55f7","b6048fe5a9145f64d47e32d5df72435c","eedae0ee27c545032905b17ea9a2007c","30e4b529a43c212abff53bde5fcd649e",5,106,103,112
"optimized-backends-record-20260724","ci_duplicated","ordering","altrep","Main ALTREP","main","f5d5497623ffbeb4acb3a412c64d0a903ae41b64+post-foundation-round-complete","altrep",100000,"medium","charvec",20260721,"32930d4bafb9d6f4ee7b61840dbeb01a","charr",78.2,"system","R version 4.6.1 (2026-06-24)","/tmp/charr-final-round-6vZmP5/charr","3d947f3df10c63e20fffc0e4ef7f55f7","b6048fe5a9145f64d47e32d5df72435c","eedae0ee27c545032905b17ea9a2007c","30e4b529a43c212abff53bde5fcd649e",5,101,97,103
"optimized-backends-record-20260724","ci_trans_tolower","case-map","stringi","stringi","main","f5d5497623ffbeb4acb3a412c64d0a903ae41b64+post-foundation-round-complete","stringi",100000,"medium","character",20260721,"32930d4bafb9d6f4ee7b61840dbeb01a","stringi",74.1,"bundle","R version 4.6.1 (2026-06-24)","/tmp/charr-final-round-6vZmP5/charr","3d947f3df10c63e20fffc0e4ef7f55f7","b6048fe5a9145f64d47e32d5df72435c","eedae0ee27c545032905b17ea9a2007c","30e4b529a43c212abff53bde5fcd649e",5,47,43,50
"optimized-backends-record-20260724","ci_trans_tolower","case-map","base","Main base","main","f5d5497623ffbeb4acb3a412c64d0a903ae41b64+post-foundation-round-complete","base",100000,"medium","character",20260721,"32930d4bafb9d6f4ee7b61840dbeb01a","charr",78.2,"system","R version 4.6.1 (2026-06-24)","/tmp/charr-final-round-6vZmP5/charr","3d947f3df10c63e20fffc0e4ef7f55f7","b6048fe5a9145f64d47e32d5df72435c","eedae0ee27c545032905b17ea9a2007c","30e4b529a43c212abff53bde5fcd649e",5,42,40,44
"optimized-backends-record-20260724","ci_trans_tolower","case-map","altrep","Main ALTREP","main","f5d5497623ffbeb4acb3a412c64d0a903ae41b64+post-foundation-round-complete","altrep",100000,"medium","charvec",20260721,"32930d4bafb9d6f4ee7b61840dbeb01a","charr",78.2,"system","R version 4.6.1 (2026-06-24)","/tmp/charr-final-round-6vZmP5/charr","3d947f3df10c63e20fffc0e4ef7f55f7","b6048fe5a9145f64d47e32d5df72435c","eedae0ee27c545032905b17ea9a2007c","30e4b529a43c212abff53bde5fcd649e",5,12,12,12
"optimized-backends-record-20260724","ci_trans_toupper","case-map","stringi","stringi","main","f5d5497623ffbeb4acb3a412c64d0a903ae41b64+post-foundation-round-complete","stringi",100000,"medium","character",20260721,"32930d4bafb9d6f4ee7b61840dbeb01a","stringi",74.1,"bundle","R version 4.6.1 (2026-06-24)","/tmp/charr-final-round-6vZmP5/charr","3d947f3df10c63e20fffc0e4ef7f55f7","b6048fe5a9145f64d47e32d5df72435c","eedae0ee27c545032905b17ea9a2007c","30e4b529a43c212abff53bde5fcd649e",5,64,63,67
"optimized-backends-record-20260724","ci_trans_toupper","case-map","base","Main base","main","f5d5497623ffbeb4acb3a412c64d0a903ae41b64+post-foundation-round-complete","base",100000,"medium","character",20260721,"32930d4bafb9d6f4ee7b61840dbeb01a","charr",78.2,"system","R version 4.6.1 (2026-06-24)","/tmp/charr-final-round-6vZmP5/charr","3d947f3df10c63e20fffc0e4ef7f55f7","b6048fe5a9145f64d47e32d5df72435c","eedae0ee27c545032905b17ea9a2007c","30e4b529a43c212abff53bde5fcd649e",5,53,51,54
"optimized-backends-record-20260724","ci_trans_toupper","case-map","altrep","Main ALTREP","main","f5d5497623ffbeb4acb3a412c64d0a903ae41b64+post-foundation-round-complete","altrep",100000,"medium","charvec",20260721,"32930d4bafb9d6f4ee7b61840dbeb01a","charr",78.2,"system","R version 4.6.1 (2026-06-24)","/tmp/charr-final-round-6vZmP5/charr","3d947f3df10c63e20fffc0e4ef7f55f7","b6048fe5a9145f64d47e32d5df72435c","eedae0ee27c545032905b17ea9a2007c","30e4b529a43c212abff53bde5fcd649e",5,23,22,23
"optimized-backends-record-20260724","ci_trans_totitle","case-map","stringi","stringi","main","f5d5497623ffbeb4acb3a412c64d0a903ae41b64+post-foundation-round-complete","stringi",100000,"medium","character",20260721,"32930d4bafb9d6f4ee7b61840dbeb01a","stringi",74.1,"bundle","R version 4.6.1 (2026-06-24)","/tmp/charr-final-round-6vZmP5/charr","3d947f3df10c63e20fffc0e4ef7f55f7","b6048fe5a9145f64d47e32d5df72435c","eedae0ee27c545032905b17ea9a2007c","30e4b529a43c212abff53bde5fcd649e",5,155,150,169
"optimized-backends-record-20260724","ci_trans_totitle","case-map","base","Main base","main","f5d5497623ffbeb4acb3a412c64d0a903ae41b64+post-foundation-round-complete","base",100000,"medium","character",20260721,"32930d4bafb9d6f4ee7b61840dbeb01a","charr",78.2,"system","R version 4.6.1 (2026-06-24)","/tmp/charr-final-round-6vZmP5/charr","3d947f3df10c63e20fffc0e4ef7f55f7","b6048fe5a9145f64d47e32d5df72435c","eedae0ee27c545032905b17ea9a2007c","30e4b529a43c212abff53bde5fcd649e",5,131,129,139
"optimized-backends-record-20260724","ci_trans_totitle","case-map","altrep","Main ALTREP","main","f5d5497623ffbeb4acb3a412c64d0a903ae41b64+post-foundation-round-complete","altrep",100000,"medium","charvec",20260721,"32930d4bafb9d6f4ee7b61840dbeb01a","charr",78.2,"system","R version 4.6.1 (2026-06-24)","/tmp/charr-final-round-6vZmP5/charr","3d947f3df10c63e20fffc0e4ef7f55f7","b6048fe5a9145f64d47e32d5df72435c","eedae0ee27c545032905b17ea9a2007c","30e4b529a43c212abff53bde5fcd649e",5,94,94,97
"optimized-backends-record-20260724","ci_count_boundaries","boundary","stringi","stringi","main","f5d5497623ffbeb4acb3a412c64d0a903ae41b64+post-foundation-round-complete","stringi",100000,"medium","character",20260721,"32930d4bafb9d6f4ee7b61840dbeb01a","stringi",74.1,"bundle","R version 4.6.1 (2026-06-24)","/tmp/charr-final-round-6vZmP5/charr","3d947f3df10c63e20fffc0e4ef7f55f7","b6048fe5a9145f64d47e32d5df72435c","eedae0ee27c545032905b17ea9a2007c","30e4b529a43c212abff53bde5fcd649e",5,79,79,81
"optimized-backends-record-20260724","ci_count_boundaries","boundary","base","Main base","main","f5d5497623ffbeb4acb3a412c64d0a903ae41b64+post-foundation-round-complete","base",100000,"medium","character",20260721,"32930d4bafb9d6f4ee7b61840dbeb01a","charr",78.2,"system","R version 4.6.1 (2026-06-24)","/tmp/charr-final-round-6vZmP5/charr","3d947f3df10c63e20fffc0e4ef7f55f7","b6048fe5a9145f64d47e32d5df72435c","eedae0ee27c545032905b17ea9a2007c","30e4b529a43c212abff53bde5fcd649e",5,77,76,79
"optimized-backends-record-20260724","ci_count_boundaries","boundary","altrep","Main ALTREP","main","f5d5497623ffbeb4acb3a412c64d0a903ae41b64+post-foundation-round-complete","altrep",100000,"medium","charvec",20260721,"32930d4bafb9d6f4ee7b61840dbeb01a","charr",78.2,"system","R version 4.6.1 (2026-06-24)","/tmp/charr-final-round-6vZmP5/charr","3d947f3df10c63e20fffc0e4ef7f55f7","b6048fe5a9145f64d47e32d5df72435c","eedae0ee27c545032905b17ea9a2007c","30e4b529a43c212abff53bde5fcd649e",5,74,73,77
"optimized-backends-record-20260724","ci_locate_first_boundaries","boundary","stringi","stringi","main","f5d5497623ffbeb4acb3a412c64d0a903ae41b64+post-foundation-round-complete","stringi",100000,"medium","character",20260721,"32930d4bafb9d6f4ee7b61840dbeb01a","stringi",74.1,"bundle","R version 4.6.1 (2026-06-24)","/tmp/charr-final-round-6vZmP5/charr","3d947f3df10c63e20fffc0e4ef7f55f7","b6048fe5a9145f64d47e32d5df72435c","eedae0ee27c545032905b17ea9a2007c","30e4b529a43c212abff53bde5fcd649e",5,48,47,50
"optimized-backends-record-20260724","ci_locate_first_boundaries","boundary","base","Main base","main","f5d5497623ffbeb4acb3a412c64d0a903ae41b64+post-foundation-round-complete","base",100000,"medium","character",20260721,"32930d4bafb9d6f4ee7b61840dbeb01a","charr",78.2,"system","R version 4.6.1 (2026-06-24)","/tmp/charr-final-round-6vZmP5/charr","3d947f3df10c63e20fffc0e4ef7f55f7","b6048fe5a9145f64d47e32d5df72435c","eedae0ee27c545032905b17ea9a2007c","30e4b529a43c212abff53bde5fcd649e",5,30,28,30
"optimized-backends-record-20260724","ci_locate_first_boundaries","boundary","altrep","Main ALTREP","main","f5d5497623ffbeb4acb3a412c64d0a903ae41b64+post-foundation-round-complete","altrep",100000,"medium","charvec",20260721,"32930d4bafb9d6f4ee7b61840dbeb01a","charr",78.2,"system","R version 4.6.1 (2026-06-24)","/tmp/charr-final-round-6vZmP5/charr","3d947f3df10c63e20fffc0e4ef7f55f7","b6048fe5a9145f64d47e32d5df72435c","eedae0ee27c545032905b17ea9a2007c","30e4b529a43c212abff53bde5fcd649e",5,28,28,29
"optimized-backends-record-20260724","ci_locate_all_boundaries","boundary","stringi","stringi","main","f5d5497623ffbeb4acb3a412c64d0a903ae41b64+post-foundation-round-complete","stringi",100000,"medium","character",20260721,"32930d4bafb9d6f4ee7b61840dbeb01a","stringi",74.1,"bundle","R version 4.6.1 (2026-06-24)","/tmp/charr-final-round-6vZmP5/charr","3d947f3df10c63e20fffc0e4ef7f55f7","b6048fe5a9145f64d47e32d5df72435c","eedae0ee27c545032905b17ea9a2007c","30e4b529a43c212abff53bde5fcd649e",5,121,119,124
"optimized-backends-record-20260724","ci_locate_all_boundaries","boundary","base","Main base","main","f5d5497623ffbeb4acb3a412c64d0a903ae41b64+post-foundation-round-complete","base",100000,"medium","character",20260721,"32930d4bafb9d6f4ee7b61840dbeb01a","charr",78.2,"system","R version 4.6.1 (2026-06-24)","/tmp/charr-final-round-6vZmP5/charr","3d947f3df10c63e20fffc0e4ef7f55f7","b6048fe5a9145f64d47e32d5df72435c","eedae0ee27c545032905b17ea9a2007c","30e4b529a43c212abff53bde5fcd649e",5,116,115,117
"optimized-backends-record-20260724","ci_locate_all_boundaries","boundary","altrep","Main ALTREP","main","f5d5497623ffbeb4acb3a412c64d0a903ae41b64+post-foundation-round-complete","altrep",100000,"medium","charvec",20260721,"32930d4bafb9d6f4ee7b61840dbeb01a","charr",78.2,"system","R version 4.6.1 (2026-06-24)","/tmp/charr-final-round-6vZmP5/charr","3d947f3df10c63e20fffc0e4ef7f55f7","b6048fe5a9145f64d47e32d5df72435c","eedae0ee27c545032905b17ea9a2007c","30e4b529a43c212abff53bde5fcd649e",5,116,115,122
"optimized-backends-record-20260724","ci_extract_first_boundaries","boundary","stringi","stringi","main","f5d5497623ffbeb4acb3a412c64d0a903ae41b64+post-foundation-round-complete","stringi",100000,"medium","character",20260721,"32930d4bafb9d6f4ee7b61840dbeb01a","stringi",74.1,"bundle","R version 4.6.1 (2026-06-24)","/tmp/charr-final-round-6vZmP5/charr","3d947f3df10c63e20fffc0e4ef7f55f7","b6048fe5a9145f64d47e32d5df72435c","eedae0ee27c545032905b17ea9a2007c","30e4b529a43c212abff53bde5fcd649e",5,65,64,70
"optimized-backends-record-20260724","ci_extract_first_boundaries","boundary","base","Main base","main","f5d5497623ffbeb4acb3a412c64d0a903ae41b64+post-foundation-round-complete","base",100000,"medium","character",20260721,"32930d4bafb9d6f4ee7b61840dbeb01a","charr",78.2,"system","R version 4.6.1 (2026-06-24)","/tmp/charr-final-round-6vZmP5/charr","3d947f3df10c63e20fffc0e4ef7f55f7","b6048fe5a9145f64d47e32d5df72435c","eedae0ee27c545032905b17ea9a2007c","30e4b529a43c212abff53bde5fcd649e",5,46,45,49
"optimized-backends-record-20260724","ci_extract_first_boundaries","boundary","altrep","Main ALTREP","main","f5d5497623ffbeb4acb3a412c64d0a903ae41b64+post-foundation-round-complete","altrep",100000,"medium","charvec",20260721,"32930d4bafb9d6f4ee7b61840dbeb01a","charr",78.2,"system","R version 4.6.1 (2026-06-24)","/tmp/charr-final-round-6vZmP5/charr","3d947f3df10c63e20fffc0e4ef7f55f7","b6048fe5a9145f64d47e32d5df72435c","eedae0ee27c545032905b17ea9a2007c","30e4b529a43c212abff53bde5fcd649e",5,27,27,28
"optimized-backends-record-20260724","ci_extract_all_boundaries","boundary","stringi","stringi","main","f5d5497623ffbeb4acb3a412c64d0a903ae41b64+post-foundation-round-complete","stringi",100000,"medium","character",20260721,"32930d4bafb9d6f4ee7b61840dbeb01a","stringi",74.1,"bundle","R version 4.6.1 (2026-06-24)","/tmp/charr-final-round-6vZmP5/charr","3d947f3df10c63e20fffc0e4ef7f55f7","b6048fe5a9145f64d47e32d5df72435c","eedae0ee27c545032905b17ea9a2007c","30e4b529a43c212abff53bde5fcd649e",5,203,198,214
"optimized-backends-record-20260724","ci_extract_all_boundaries","boundary","base","Main base","main","f5d5497623ffbeb4acb3a412c64d0a903ae41b64+post-foundation-round-complete","base",100000,"medium","character",20260721,"32930d4bafb9d6f4ee7b61840dbeb01a","charr",78.2,"system","R version 4.6.1 (2026-06-24)","/tmp/charr-final-round-6vZmP5/charr","3d947f3df10c63e20fffc0e4ef7f55f7","b6048fe5a9145f64d47e32d5df72435c","eedae0ee27c545032905b17ea9a2007c","30e4b529a43c212abff53bde5fcd649e",5,194,190,202
"optimized-backends-record-20260724","ci_extract_all_boundaries","boundary","altrep","Main ALTREP","main","f5d5497623ffbeb4acb3a412c64d0a903ae41b64+post-foundation-round-complete","altrep",100000,"medium","charvec",20260721,"32930d4bafb9d6f4ee7b61840dbeb01a","charr",78.2,"system","R version 4.6.1 (2026-06-24)","/tmp/charr-final-round-6vZmP5/charr","3d947f3df10c63e20fffc0e4ef7f55f7","b6048fe5a9145f64d47e32d5df72435c","eedae0ee27c545032905b17ea9a2007c","30e4b529a43c212abff53bde5fcd649e",5,114,113,114
"optimized-backends-record-20260724","ci_split_boundaries","boundary","stringi","stringi","main","f5d5497623ffbeb4acb3a412c64d0a903ae41b64+post-foundation-round-complete","stringi",100000,"medium","character",20260721,"32930d4bafb9d6f4ee7b61840dbeb01a","stringi",74.1,"bundle","R version 4.6.1 (2026-06-24)","/tmp/charr-final-round-6vZmP5/charr","3d947f3df10c63e20fffc0e4ef7f55f7","b6048fe5a9145f64d47e32d5df72435c","eedae0ee27c545032905b17ea9a2007c","30e4b529a43c212abff53bde5fcd649e",5,204,198,215
"optimized-backends-record-20260724","ci_split_boundaries","boundary","base","Main base","main","f5d5497623ffbeb4acb3a412c64d0a903ae41b64+post-foundation-round-complete","base",100000,"medium","character",20260721,"32930d4bafb9d6f4ee7b61840dbeb01a","charr",78.2,"system","R version 4.6.1 (2026-06-24)","/tmp/charr-final-round-6vZmP5/charr","3d947f3df10c63e20fffc0e4ef7f55f7","b6048fe5a9145f64d47e32d5df72435c","eedae0ee27c545032905b17ea9a2007c","30e4b529a43c212abff53bde5fcd649e",5,199,197,206
"optimized-backends-record-20260724","ci_split_boundaries","boundary","altrep","Main ALTREP","main","f5d5497623ffbeb4acb3a412c64d0a903ae41b64+post-foundation-round-complete","altrep",100000,"medium","charvec",20260721,"32930d4bafb9d6f4ee7b61840dbeb01a","charr",78.2,"system","R version 4.6.1 (2026-06-24)","/tmp/charr-final-round-6vZmP5/charr","3d947f3df10c63e20fffc0e4ef7f55f7","b6048fe5a9145f64d47e32d5df72435c","eedae0ee27c545032905b17ea9a2007c","30e4b529a43c212abff53bde5fcd649e",5,129,126,131
"optimized-backends-record-20260724","ci_wrap","layout","stringi","stringi","main","f5d5497623ffbeb4acb3a412c64d0a903ae41b64+post-foundation-round-complete","stringi",10000,"slow","character",20260721,"e6d3a516692fdd33881c621e2169c2fb","stringi",74.1,"bundle","R version 4.6.1 (2026-06-24)","/tmp/charr-final-round-6vZmP5/charr","3d947f3df10c63e20fffc0e4ef7f55f7","b6048fe5a9145f64d47e32d5df72435c","eedae0ee27c545032905b17ea9a2007c","30e4b529a43c212abff53bde5fcd649e",5,45,45,48
"optimized-backends-record-20260724","ci_wrap","layout","base","Main base","main","f5d5497623ffbeb4acb3a412c64d0a903ae41b64+post-foundation-round-complete","base",10000,"slow","character",20260721,"e6d3a516692fdd33881c621e2169c2fb","charr",78.2,"system","R version 4.6.1 (2026-06-24)","/tmp/charr-final-round-6vZmP5/charr","3d947f3df10c63e20fffc0e4ef7f55f7","b6048fe5a9145f64d47e32d5df72435c","eedae0ee27c545032905b17ea9a2007c","30e4b529a43c212abff53bde5fcd649e",5,18,18,19
"optimized-backends-record-20260724","ci_wrap","layout","altrep","Main ALTREP","main","f5d5497623ffbeb4acb3a412c64d0a903ae41b64+post-foundation-round-complete","altrep",10000,"slow","charvec",20260721,"e6d3a516692fdd33881c621e2169c2fb","charr",78.2,"system","R version 4.6.1 (2026-06-24)","/tmp/charr-final-round-6vZmP5/charr","3d947f3df10c63e20fffc0e4ef7f55f7","b6048fe5a9145f64d47e32d5df72435c","eedae0ee27c545032905b17ea9a2007c","30e4b529a43c212abff53bde5fcd649e",5,18,17,19
"optimized-backends-record-20260724","ci_pad_left","layout","stringi","stringi","main","f5d5497623ffbeb4acb3a412c64d0a903ae41b64+post-foundation-round-complete","stringi",100000,"medium","character",20260721,"32930d4bafb9d6f4ee7b61840dbeb01a","stringi",74.1,"bundle","R version 4.6.1 (2026-06-24)","/tmp/charr-final-round-6vZmP5/charr","3d947f3df10c63e20fffc0e4ef7f55f7","b6048fe5a9145f64d47e32d5df72435c","eedae0ee27c545032905b17ea9a2007c","30e4b529a43c212abff53bde5fcd649e",5,102,100,103
"optimized-backends-record-20260724","ci_pad_left","layout","base","Main base","main","f5d5497623ffbeb4acb3a412c64d0a903ae41b64+post-foundation-round-complete","base",100000,"medium","character",20260721,"32930d4bafb9d6f4ee7b61840dbeb01a","charr",78.2,"system","R version 4.6.1 (2026-06-24)","/tmp/charr-final-round-6vZmP5/charr","3d947f3df10c63e20fffc0e4ef7f55f7","b6048fe5a9145f64d47e32d5df72435c","eedae0ee27c545032905b17ea9a2007c","30e4b529a43c212abff53bde5fcd649e",5,55,53,59
"optimized-backends-record-20260724","ci_pad_left","layout","altrep","Main ALTREP","main","f5d5497623ffbeb4acb3a412c64d0a903ae41b64+post-foundation-round-complete","altrep",100000,"medium","charvec",20260721,"32930d4bafb9d6f4ee7b61840dbeb01a","charr",78.2,"system","R version 4.6.1 (2026-06-24)","/tmp/charr-final-round-6vZmP5/charr","3d947f3df10c63e20fffc0e4ef7f55f7","b6048fe5a9145f64d47e32d5df72435c","eedae0ee27c545032905b17ea9a2007c","30e4b529a43c212abff53bde5fcd649e",5,22,21,22
"optimized-backends-record-20260724","ci_pad_right","layout","stringi","stringi","main","f5d5497623ffbeb4acb3a412c64d0a903ae41b64+post-foundation-round-complete","stringi",100000,"medium","character",20260721,"32930d4bafb9d6f4ee7b61840dbeb01a","stringi",74.1,"bundle","R version 4.6.1 (2026-06-24)","/tmp/charr-final-round-6vZmP5/charr","3d947f3df10c63e20fffc0e4ef7f55f7","b6048fe5a9145f64d47e32d5df72435c","eedae0ee27c545032905b17ea9a2007c","30e4b529a43c212abff53bde5fcd649e",5,101,99,104
"optimized-backends-record-20260724","ci_pad_right","layout","base","Main base","main","f5d5497623ffbeb4acb3a412c64d0a903ae41b64+post-foundation-round-complete","base",100000,"medium","character",20260721,"32930d4bafb9d6f4ee7b61840dbeb01a","charr",78.2,"system","R version 4.6.1 (2026-06-24)","/tmp/charr-final-round-6vZmP5/charr","3d947f3df10c63e20fffc0e4ef7f55f7","b6048fe5a9145f64d47e32d5df72435c","eedae0ee27c545032905b17ea9a2007c","30e4b529a43c212abff53bde5fcd649e",5,56,53,62
"optimized-backends-record-20260724","ci_pad_right","layout","altrep","Main ALTREP","main","f5d5497623ffbeb4acb3a412c64d0a903ae41b64+post-foundation-round-complete","altrep",100000,"medium","charvec",20260721,"32930d4bafb9d6f4ee7b61840dbeb01a","charr",78.2,"system","R version 4.6.1 (2026-06-24)","/tmp/charr-final-round-6vZmP5/charr","3d947f3df10c63e20fffc0e4ef7f55f7","b6048fe5a9145f64d47e32d5df72435c","eedae0ee27c545032905b17ea9a2007c","30e4b529a43c212abff53bde5fcd649e",5,22,21,23
"optimized-backends-record-20260724","ci_pad_both","layout","stringi","stringi","main","f5d5497623ffbeb4acb3a412c64d0a903ae41b64+post-foundation-round-complete","stringi",100000,"medium","character",20260721,"32930d4bafb9d6f4ee7b61840dbeb01a","stringi",74.1,"bundle","R version 4.6.1 (2026-06-24)","/tmp/charr-final-round-6vZmP5/charr","3d947f3df10c63e20fffc0e4ef7f55f7","b6048fe5a9145f64d47e32d5df72435c","eedae0ee27c545032905b17ea9a2007c","30e4b529a43c212abff53bde5fcd649e",5,102,100,106
"optimized-backends-record-20260724","ci_pad_both","layout","base","Main base","main","f5d5497623ffbeb4acb3a412c64d0a903ae41b64+post-foundation-round-complete","base",100000,"medium","character",20260721,"32930d4bafb9d6f4ee7b61840dbeb01a","charr",78.2,"system","R version 4.6.1 (2026-06-24)","/tmp/charr-final-round-6vZmP5/charr","3d947f3df10c63e20fffc0e4ef7f55f7","b6048fe5a9145f64d47e32d5df72435c","eedae0ee27c545032905b17ea9a2007c","30e4b529a43c212abff53bde5fcd649e",5,53,53,73
"optimized-backends-record-20260724","ci_pad_both","layout","altrep","Main ALTREP","main","f5d5497623ffbeb4acb3a412c64d0a903ae41b64+post-foundation-round-complete","altrep",100000,"medium","charvec",20260721,"32930d4bafb9d6f4ee7b61840dbeb01a","charr",78.2,"system","R version 4.6.1 (2026-06-24)","/tmp/charr-final-round-6vZmP5/charr","3d947f3df10c63e20fffc0e4ef7f55f7","b6048fe5a9145f64d47e32d5df72435c","eedae0ee27c545032905b17ea9a2007c","30e4b529a43c212abff53bde5fcd649e",5,22,22,24
"optimized-backends-record-20260724","ci_width","layout","stringi","stringi","main","f5d5497623ffbeb4acb3a412c64d0a903ae41b64+post-foundation-round-complete","stringi",100000,"medium","character",20260721,"32930d4bafb9d6f4ee7b61840dbeb01a","stringi",74.1,"bundle","R version 4.6.1 (2026-06-24)","/tmp/charr-final-round-6vZmP5/charr","3d947f3df10c63e20fffc0e4ef7f55f7","b6048fe5a9145f64d47e32d5df72435c","eedae0ee27c545032905b17ea9a2007c","30e4b529a43c212abff53bde5fcd649e",5,60,59,60
"optimized-backends-record-20260724","ci_width","layout","base","Main base","main","f5d5497623ffbeb4acb3a412c64d0a903ae41b64+post-foundation-round-complete","base",100000,"medium","character",20260721,"32930d4bafb9d6f4ee7b61840dbeb01a","charr",78.2,"system","R version 4.6.1 (2026-06-24)","/tmp/charr-final-round-6vZmP5/charr","3d947f3df10c63e20fffc0e4ef7f55f7","b6048fe5a9145f64d47e32d5df72435c","eedae0ee27c545032905b17ea9a2007c","30e4b529a43c212abff53bde5fcd649e",5,18,17,18
"optimized-backends-record-20260724","ci_width","layout","altrep","Main ALTREP","main","f5d5497623ffbeb4acb3a412c64d0a903ae41b64+post-foundation-round-complete","altrep",100000,"medium","charvec",20260721,"32930d4bafb9d6f4ee7b61840dbeb01a","charr",78.2,"system","R version 4.6.1 (2026-06-24)","/tmp/charr-final-round-6vZmP5/charr","3d947f3df10c63e20fffc0e4ef7f55f7","b6048fe5a9145f64d47e32d5df72435c","eedae0ee27c545032905b17ea9a2007c","30e4b529a43c212abff53bde5fcd649e",5,16,16,16
"optimized-backends-record-20260724","ci_escape_unicode","encoding-files","stringi","stringi","main","f5d5497623ffbeb4acb3a412c64d0a903ae41b64+post-foundation-round-complete","stringi",100000,"medium","character",20260721,"32930d4bafb9d6f4ee7b61840dbeb01a","stringi",74.1,"bundle","R version 4.6.1 (2026-06-24)","/tmp/charr-final-round-6vZmP5/charr","3d947f3df10c63e20fffc0e4ef7f55f7","b6048fe5a9145f64d47e32d5df72435c","eedae0ee27c545032905b17ea9a2007c","30e4b529a43c212abff53bde5fcd649e",5,75,73,78
"optimized-backends-record-20260724","ci_escape_unicode","encoding-files","base","Main base","main","f5d5497623ffbeb4acb3a412c64d0a903ae41b64+post-foundation-round-complete","base",100000,"medium","character",20260721,"32930d4bafb9d6f4ee7b61840dbeb01a","charr",78.2,"system","R version 4.6.1 (2026-06-24)","/tmp/charr-final-round-6vZmP5/charr","3d947f3df10c63e20fffc0e4ef7f55f7","b6048fe5a9145f64d47e32d5df72435c","eedae0ee27c545032905b17ea9a2007c","30e4b529a43c212abff53bde5fcd649e",5,57,56,60
"optimized-backends-record-20260724","ci_escape_unicode","encoding-files","altrep","Main ALTREP","main","f5d5497623ffbeb4acb3a412c64d0a903ae41b64+post-foundation-round-complete","altrep",100000,"medium","charvec",20260721,"32930d4bafb9d6f4ee7b61840dbeb01a","charr",78.2,"system","R version 4.6.1 (2026-06-24)","/tmp/charr-final-round-6vZmP5/charr","3d947f3df10c63e20fffc0e4ef7f55f7","b6048fe5a9145f64d47e32d5df72435c","eedae0ee27c545032905b17ea9a2007c","30e4b529a43c212abff53bde5fcd649e",5,27,27,28
"optimized-backends-record-20260724","ci_conv","encoding-files","stringi","stringi","main","f5d5497623ffbeb4acb3a412c64d0a903ae41b64+post-foundation-round-complete","stringi",100000,"medium","character",20260721,"32930d4bafb9d6f4ee7b61840dbeb01a","stringi",74.1,"bundle","R version 4.6.1 (2026-06-24)","/tmp/charr-final-round-6vZmP5/charr","3d947f3df10c63e20fffc0e4ef7f55f7","b6048fe5a9145f64d47e32d5df72435c","eedae0ee27c545032905b17ea9a2007c","30e4b529a43c212abff53bde5fcd649e",5,37,36,38
"optimized-backends-record-20260724","ci_conv","encoding-files","base","Main base","main","f5d5497623ffbeb4acb3a412c64d0a903ae41b64+post-foundation-round-complete","base",100000,"medium","character",20260721,"32930d4bafb9d6f4ee7b61840dbeb01a","charr",78.2,"system","R version 4.6.1 (2026-06-24)","/tmp/charr-final-round-6vZmP5/charr","3d947f3df10c63e20fffc0e4ef7f55f7","b6048fe5a9145f64d47e32d5df72435c","eedae0ee27c545032905b17ea9a2007c","30e4b529a43c212abff53bde5fcd649e",5,35,33,35
"optimized-backends-record-20260724","ci_conv","encoding-files","altrep","Main ALTREP","main","f5d5497623ffbeb4acb3a412c64d0a903ae41b64+post-foundation-round-complete","altrep",100000,"medium","charvec",20260721,"32930d4bafb9d6f4ee7b61840dbeb01a","charr",78.2,"system","R version 4.6.1 (2026-06-24)","/tmp/charr-final-round-6vZmP5/charr","3d947f3df10c63e20fffc0e4ef7f55f7","b6048fe5a9145f64d47e32d5df72435c","eedae0ee27c545032905b17ea9a2007c","30e4b529a43c212abff53bde5fcd649e",5,18,17,18
"optimized-backends-record-20260724","ci_read_lines","encoding-files","stringi","stringi","main","f5d5497623ffbeb4acb3a412c64d0a903ae41b64+post-foundation-round-complete","stringi",1000000,"fast","file",20260721,"25c716f0d4b3b4e05398094ee12e945f","stringi",74.1,"bundle","R version 4.6.1 (2026-06-24)","/tmp/charr-final-round-6vZmP5/charr","3d947f3df10c63e20fffc0e4ef7f55f7","b6048fe5a9145f64d47e32d5df72435c","eedae0ee27c545032905b17ea9a2007c","30e4b529a43c212abff53bde5fcd649e",5,1033,1031,1049
"optimized-backends-record-20260724","ci_read_lines","encoding-files","base","Main base","main","f5d5497623ffbeb4acb3a412c64d0a903ae41b64+post-foundation-round-complete","base",1000000,"fast","file",20260721,"25c716f0d4b3b4e05398094ee12e945f","charr",78.2,"system","R version 4.6.1 (2026-06-24)","/tmp/charr-final-round-6vZmP5/charr","3d947f3df10c63e20fffc0e4ef7f55f7","b6048fe5a9145f64d47e32d5df72435c","eedae0ee27c545032905b17ea9a2007c","30e4b529a43c212abff53bde5fcd649e",5,811,801,827
"optimized-backends-record-20260724","ci_read_lines","encoding-files","altrep","Main ALTREP","main","f5d5497623ffbeb4acb3a412c64d0a903ae41b64+post-foundation-round-complete","altrep",1000000,"fast","file",20260721,"25c716f0d4b3b4e05398094ee12e945f","charr",78.2,"system","R version 4.6.1 (2026-06-24)","/tmp/charr-final-round-6vZmP5/charr","3d947f3df10c63e20fffc0e4ef7f55f7","b6048fe5a9145f64d47e32d5df72435c","eedae0ee27c545032905b17ea9a2007c","30e4b529a43c212abff53bde5fcd649e",5,76,75,77
